
****** Vitis HLS - High-Level Synthesis from C, C++ and OpenCL v2022.2 (64-bit)
  **** SW Build 3670227 on Oct 13 2022
  **** IP Build 3669848 on Fri Oct 14 08:30:02 MDT 2022
    ** Copyright 1986-2022 Xilinx, Inc. All Rights Reserved.

source C:/Xilinx/Vitis_HLS/2022.2/scripts/vitis_hls/hls.tcl -notrace
INFO: [HLS 200-10] Running 'C:/Xilinx/Vitis_HLS/2022.2/bin/unwrapped/win64.o/vitis_hls.exe'
INFO: [HLS 200-10] For user 'ASUS' on host 'laptop-q3fh6km8' (Windows NT_amd64 version 6.2) on Thu Apr 09 19:40:07 +0800 2026
INFO: [HLS 200-10] In directory 'C:/VitisProject/Vitis/OFDM/TX/Refer'
Sourcing Tcl script 'scripts/run_all.tcl'
INFO: [HLS 200-1510] Running: open_project -reset ref_tx 
INFO: [HLS 200-10] Opening and resetting project 'C:/VitisProject/Vitis/OFDM/TX/Refer/ref_tx'.
INFO: [HLS 200-1510] Running: set_top reference_signal_tx_packed 
INFO: [HLS 200-1510] Running: add_files C:/VitisProject/Vitis/OFDM/TX/Refer/reference_signal_tx_packed.cpp -cflags -IC:/VitisProject/Vitis/OFDM/TX/Refer 
INFO: [HLS 200-10] Adding design file 'C:/VitisProject/Vitis/OFDM/TX/Refer/reference_signal_tx_packed.cpp' to the project
INFO: [HLS 200-1510] Running: add_files -tb C:/VitisProject/Vitis/OFDM/TX/Refer/tb_reference_signal_tx_packed.cpp -cflags -IC:/VitisProject/Vitis/OFDM/TX/Refer -csimflags -IC:/VitisProject/Vitis/OFDM/TX/Refer 
INFO: [HLS 200-10] Adding test bench file 'C:/VitisProject/Vitis/OFDM/TX/Refer/tb_reference_signal_tx_packed.cpp' to the project
INFO: [HLS 200-1510] Running: open_solution -reset solution1 
INFO: [HLS 200-10] Creating and opening solution 'C:/VitisProject/Vitis/OFDM/TX/Refer/ref_tx/solution1'.
INFO: [HLS 200-10] Cleaning up the solution database.
INFO: [HLS 200-1505] Using default flow_target 'vivado'
Resolution: For help on HLS 200-1505 see www.xilinx.com/cgi-bin/docs/rdoc?v=2022.2;t=hls+guidance;d=200-1505.html
INFO: [HLS 200-435] Setting 'open_solution -flow_target vivado' configuration: config_interface -m_axi_latency=0
INFO: [HLS 200-1510] Running: set_part xczu48dr-fsvg1517-2-e 
INFO: [HLS 200-1611] Setting target device to 'xczu48dr-fsvg1517-2-e'
INFO: [HLS 200-1510] Running: create_clock -period 10 -name default 
INFO: [SYN 201-201] Setting up clock 'default' with a period of 10ns.
INFO: [HLS 200-1510] Running: set_clock_uncertainty 1.25 default 
INFO: [SYN 201-201] Setting up clock 'default' with an uncertainty of 1.25ns.
=== Project Created ===
  Name    : ref_tx
  Top     : reference_signal_tx_packed
  Part    : xczu48dr-fsvg1517-2-e
  Clock   : 10 ns  (uncertainty: 1.25 ns)
  Root dir: C:/VitisProject/Vitis/OFDM/TX/Refer
=======================

>>> C Simulation
INFO: [HLS 200-1510] Running: csim_design -O -clean 
Running Dispatch Server on port: 62500
INFO: [SIM 211-2] *************** CSIM start ***************
INFO: [SIM 211-4] CSIM will launch GCC as the compiler.
   Compiling ../../../../tb_reference_signal_tx_packed.cpp in release mode
   Compiling ../../../../reference_signal_tx_packed.cpp in release mode
   Generating csim.exe
In file included from C:/Xilinx/Vitis_HLS/2022.2/include/floating_point_v7_1_bitacc_cmodel.h:149:0,
                 from C:/Xilinx/Vitis_HLS/2022.2/include/hls_fpo.h:143,
                 from C:/Xilinx/Vitis_HLS/2022.2/include/hls_half_fpo.h:18,
                 from C:/Xilinx/Vitis_HLS/2022.2/include/hls_half.h:25,
                 from C:/Xilinx/Vitis_HLS/2022.2/include/etc/ap_private.h:52,
                 from C:/Xilinx/Vitis_HLS/2022.2/include/ap_common.h:666,
                 from C:/Xilinx/Vitis_HLS/2022.2/include/ap_int.h:10,
                 from ../../../../ref_tx_defs.h:4,
                 from ../../../../tb_reference_signal_tx_packed.cpp:1:
C:/Xilinx/Vitis_HLS/2022.2/include/gmp.h:58:0: warning: "__GMP_LIBGMP_DLL" redefined
 #define __GMP_LIBGMP_DLL  0
 
In file included from C:/Xilinx/Vitis_HLS/2022.2/include/hls_fpo.h:143:0,
                 from C:/Xilinx/Vitis_HLS/2022.2/include/hls_half_fpo.h:18,
                 from C:/Xilinx/Vitis_HLS/2022.2/include/hls_half.h:25,
                 from C:/Xilinx/Vitis_HLS/2022.2/include/etc/ap_private.h:52,
                 from C:/Xilinx/Vitis_HLS/2022.2/include/ap_common.h:666,
                 from C:/Xilinx/Vitis_HLS/2022.2/include/ap_int.h:10,
                 from ../../../../ref_tx_defs.h:4,
                 from ../../../../tb_reference_signal_tx_packed.cpp:1:
C:/Xilinx/Vitis_HLS/2022.2/include/floating_point_v7_1_bitacc_cmodel.h:141:0: note: this is the location of the previous definition
 #define __GMP_LIBGMP_DLL 1
 
In file included from C:/Xilinx/Vitis_HLS/2022.2/include/floating_point_v7_1_bitacc_cmodel.h:149:0,
                 from C:/Xilinx/Vitis_HLS/2022.2/include/hls_fpo.h:143,
                 from C:/Xilinx/Vitis_HLS/2022.2/include/hls_half_fpo.h:18,
                 from C:/Xilinx/Vitis_HLS/2022.2/include/hls_half.h:25,
                 from C:/Xilinx/Vitis_HLS/2022.2/include/etc/ap_private.h:52,
                 from C:/Xilinx/Vitis_HLS/2022.2/include/ap_common.h:666,
                 from C:/Xilinx/Vitis_HLS/2022.2/include/ap_int.h:10,
                 from ../../../../ref_tx_defs.h:4,
                 from ../../../../reference_signal_tx_packed.cpp:1:
C:/Xilinx/Vitis_HLS/2022.2/include/gmp.h:58:0: warning: "__GMP_LIBGMP_DLL" redefined
 #define __GMP_LIBGMP_DLL  0
 
In file included from C:/Xilinx/Vitis_HLS/2022.2/include/hls_fpo.h:143:0,
                 from C:/Xilinx/Vitis_HLS/2022.2/include/hls_half_fpo.h:18,
                 from C:/Xilinx/Vitis_HLS/2022.2/include/hls_half.h:25,
                 from C:/Xilinx/Vitis_HLS/2022.2/include/etc/ap_private.h:52,
                 from C:/Xilinx/Vitis_HLS/2022.2/include/ap_common.h:666,
                 from C:/Xilinx/Vitis_HLS/2022.2/include/ap_int.h:10,
                 from ../../../../ref_tx_defs.h:4,
                 from ../../../../reference_signal_tx_packed.cpp:1:
C:/Xilinx/Vitis_HLS/2022.2/include/floating_point_v7_1_bitacc_cmodel.h:141:0: note: this is the location of the previous definition
 #define __GMP_LIBGMP_DLL 1
 

==================================================================================
Index   Type           Output (Fixed Int16)     Restored Float (I, Q)         
==================================================================================
0       Guard Band     (0    , 0    )  ==>  (0, 0)
71      Guard Band     (0    , 0    )  ==>  (0, 0)  <-- End of Left Guard
72      PILOT          (-2730, 0    )  ==>  (-1.33301, 0)
73      Data Tone      (2274 , 4548 )  ==>  (1.11035, 2.2207)
74      Data Tone      (2274 , 4548 )  ==>  (1.11035, 2.2207)
79      PILOT          (-2730, 0    )  ==>  (-1.33301, 0)
86      PILOT          (2730 , 0    )  ==>  (1.33301, 0)
93      PILOT          (-2730, 0    )  ==>  (-1.33301, 0)
...... (Skipping middle parts) ......
1977    Guard Band     (0    , 0    )  ==>  (0, 0)  <-- Start of Right Guard
2047    Guard Band     (0    , 0    )  ==>  (0, 0)
==================================================================================
Total Data Tones processed: 1632 (Expected: 1632)
>>> C-SIM SUCCESS: Stream is empty and fixed-point conversion is perfectly verified!
INFO [HLS SIM]: The maximum depth reached by any hls::stream() instance in the design is 2048
INFO: [SIM 211-1] CSim done with 0 errors.
INFO: [SIM 211-3] *************** CSIM finish ***************
INFO: [HLS 200-111] Finished Command csim_design CPU user time: 0 seconds. CPU system time: 0 seconds. Elapsed time: 3.383 seconds; current allocated memory: 0.566 MB.
<<< csim done

>>> C Synthesis
INFO: [HLS 200-1510] Running: csynth_design 
INFO: [HLS 200-111] Finished File checks and directory preparation: CPU user time: 0 seconds. CPU system time: 0 seconds. Elapsed time: 0.008 seconds; current allocated memory: 675.070 MB.
INFO: [HLS 200-10] Analyzing design file 'C:/VitisProject/Vitis/OFDM/TX/Refer/reference_signal_tx_packed.cpp' ... 
INFO: [HLS 200-111] Finished Source Code Analysis and Preprocessing: CPU user time: 1 seconds. CPU system time: 0 seconds. Elapsed time: 2.803 seconds; current allocated memory: 678.281 MB.
INFO: [HLS 200-777] Using interface defaults for 'Vivado' flow target.
INFO: [HLS 214-131] Inlining function '_ZN8ssdm_intILi4ELb0EEC2EDq4_j' into 'ap_int_base<4, false>::ap_int_base(int)' (C:/Xilinx/Vitis_HLS/2022.2/common/technology/autopilot\ap_int_base.h:214:67)
INFO: [HLS 214-131] Inlining function 'ap_int_base<4, false>::ap_int_base(int)' into 'ap_uint<4>::ap_uint(int)'
INFO: [HLS 214-131] Inlining function '_ZN8ssdm_intILi1ELb0EEC2EDq1_j' into 'ap_int_base<1, false>::ap_int_base(int)' (C:/Xilinx/Vitis_HLS/2022.2/common/technology/autopilot\ap_int_base.h:214:67)
INFO: [HLS 214-131] Inlining function 'ap_int_base<1, false>::ap_int_base(int)' into 'ap_uint<1>::ap_uint(int)'
INFO: [HLS 214-131] Inlining function 'hls::axis<ap_uint<32>, 0ul, 0ul, 0ul>::get_user_ptr()' into 'hls::stream<hls::axis<ap_uint<32>, 0ul, 0ul, 0ul>, 0>::read()' (C:/Xilinx/Vitis_HLS/2022.2/common/technology/autopilot\ap_axi_sdata.h:247:50)
INFO: [HLS 214-131] Inlining function 'hls::axis<ap_uint<32>, 0ul, 0ul, 0ul>::get_dest_ptr()' into 'hls::stream<hls::axis<ap_uint<32>, 0ul, 0ul, 0ul>, 0>::read()' (C:/Xilinx/Vitis_HLS/2022.2/common/technology/autopilot\ap_axi_sdata.h:250:25)
INFO: [HLS 214-131] Inlining function 'hls::axis<ap_uint<32>, 0ul, 0ul, 0ul>::get_id_ptr()' into 'hls::stream<hls::axis<ap_uint<32>, 0ul, 0ul, 0ul>, 0>::read()' (C:/Xilinx/Vitis_HLS/2022.2/common/technology/autopilot\ap_axi_sdata.h:249:67)
INFO: [HLS 214-131] Inlining function 'hls::axis<ap_uint<32>, 0ul, 0ul, 0ul>::get_user_ptr()' into 'hls::stream<hls::axis<ap_uint<32>, 0ul, 0ul, 0ul>, 0>::read()' (C:/Xilinx/Vitis_HLS/2022.2/common/technology/autopilot\ap_axi_sdata.h:249:36)
INFO: [HLS 214-131] Inlining function 'hls::axis<ap_uint<32>, 0ul, 0ul, 0ul>::get_dest_ptr()' into 'hls::stream<hls::axis<ap_uint<32>, 0ul, 0ul, 0ul>, 0>::read()' (C:/Xilinx/Vitis_HLS/2022.2/common/technology/autopilot\ap_axi_sdata.h:248:39)
INFO: [HLS 214-131] Inlining function 'hls::axis<ap_uint<32>, 0ul, 0ul, 0ul>::get_id_ptr()' into 'hls::stream<hls::axis<ap_uint<32>, 0ul, 0ul, 0ul>, 0>::read()' (C:/Xilinx/Vitis_HLS/2022.2/common/technology/autopilot\ap_axi_sdata.h:248:23)
INFO: [HLS 214-131] Inlining function 'ap_range_ref<32, false>::ap_range_ref(ap_int_base<32, false>*, int, int)' into 'ap_int_base<32, false>::range(int, int)' (C:/Xilinx/Vitis_HLS/2022.2/common/technology/autopilot\ap_int_base.h:1048:12)
INFO: [HLS 214-131] Inlining function 'ap_int_base<32, false>::range(int, int)' into 'ap_int_base<32, false>::operator()(int, int)' (C:/Xilinx/Vitis_HLS/2022.2/common/technology/autopilot\ap_int_base.h:1085:18)
INFO: [HLS 214-131] Inlining function 'ap_range_ref<32, false>::to_uint64() const' into 'ap_range_ref<32, false>::operator unsigned long long() const' (C:/Xilinx/Vitis_HLS/2022.2/common/technology/autopilot\ap_int_ref.h:315:76)
INFO: [HLS 214-131] Inlining function 'ap_int_base<32, false>::operator()(int, int)' into 'unpack_complex(ap_uint<32>, half&, half&)' (C:/VitisProject/Vitis/OFDM/TX/Refer/ref_tx_defs.h:42:21)
INFO: [HLS 214-131] Inlining function 'ap_range_ref<32, false>::operator unsigned long long() const' into 'unpack_complex(ap_uint<32>, half&, half&)' (C:/VitisProject/Vitis/OFDM/TX/Refer/ref_tx_defs.h:43:21)
INFO: [HLS 214-131] Inlining function 'ap_int_base<32, false>::operator()(int, int)' into 'unpack_complex(ap_uint<32>, half&, half&)' (C:/VitisProject/Vitis/OFDM/TX/Refer/ref_tx_defs.h:43:21)
INFO: [HLS 214-131] Inlining function 'ap_range_ref<32, false>::operator unsigned long long() const' into 'unpack_complex(ap_uint<32>, half&, half&)' (C:/VitisProject/Vitis/OFDM/TX/Refer/ref_tx_defs.h:42:21)
INFO: [HLS 214-131] Inlining function 'ssdm_int<32, false>::ssdm_int(unsigned int)' into 'ap_int_base<32, false>::ap_int_base(unsigned int)' (C:\scratch\2022.2\hls_product\608\2022.2\src\shared\hls\clib/include/header_files\ap_int_base.h:215:76)
INFO: [HLS 214-131] Inlining function 'ap_int_base<32, false>::ap_int_base(unsigned int)' into 'ap_uint<32>::ap_uint(unsigned int)'
INFO: [HLS 214-131] Inlining function 'ap_bit_ref<32, false>::ap_bit_ref(ap_int_base<32, false>*, int)' into 'ap_int_base<32, false>::operator[](int)' (C:\scratch\2022.2\hls_product\608\2022.2\src\shared\hls\clib/include/header_files\ap_int_base.h:1129:30)
INFO: [HLS 214-131] Inlining function 'ap_bit_ref<1, false>::ap_bit_ref(ap_int_base<1, false>*, int)' into 'ap_int_base<1, false>::operator[](int)' (C:\scratch\2022.2\hls_product\608\2022.2\src\shared\hls\clib/include/header_files\ap_int_base.h:1129:30)
INFO: [HLS 214-131] Inlining function 'ap_bit_ref<32, false>::operator bool() const' into 'ap_bit_ref<1, false>& ap_bit_ref<1, false>::operator=<32, false>(ap_bit_ref<32, false> const&)' (C:\scratch\2022.2\hls_product\608\2022.2\src\shared\hls\clib/include/header_files\ap_int_ref.h:845:38)
INFO: [HLS 214-131] Inlining function 'ap_bit_ref<1, false>::operator=(unsigned long long)' into 'ap_bit_ref<1, false>& ap_bit_ref<1, false>::operator=<32, false>(ap_bit_ref<32, false> const&)' (C:\scratch\2022.2\hls_product\608\2022.2\src\shared\hls\clib/include/header_files\ap_int_ref.h:845:12)
INFO: [HLS 214-131] Inlining function 'ap_range_ref<8, false>::ap_range_ref(ap_int_base<8, false>*, int, int)' into 'ap_int_base<8, false>::range(int, int)' (C:\scratch\2022.2\hls_product\608\2022.2\src\shared\hls\clib/include/header_files\ap_int_base.h:1048:12)
INFO: [HLS 214-131] Inlining function 'ap_int_base<8, false>::range(int, int)' into 'ap_int_base<8, false>::operator()(int, int)' (C:\scratch\2022.2\hls_product\608\2022.2\src\shared\hls\clib/include/header_files\ap_int_base.h:1085:18)
INFO: [HLS 214-131] Inlining function 'ap_range_ref<32, false>::get() const' into 'ap_int_base<32, false>::ap_int_base<32, false>(ap_range_ref<32, false> const&)' (C:\scratch\2022.2\hls_product\608\2022.2\src\shared\hls\clib/include/header_files\ap_int_base.h:358:20)
INFO: [HLS 214-131] Inlining function 'ssdm_int<8, false>::ssdm_int(unsigned char)' into 'ap_int_base<8, false>::ap_int_base<32, false>(ap_int_base<32, false> const&)' (C:\scratch\2022.2\hls_product\608\2022.2\src\shared\hls\clib/include/header_files\ap_int_base.h:185:106)
INFO: [HLS 214-131] Inlining function 'ap_int_base<8, false>::ap_int_base<32, false>(ap_int_base<32, false> const&)' into 'ap_range_ref<8, false>& ap_range_ref<8, false>::operator=<32, false>(ap_int_base<32, false> const&)' (C:\scratch\2022.2\hls_product\608\2022.2\src\shared\hls\clib/include/header_files\ap_int_ref.h:367:31)
INFO: [HLS 214-131] Inlining function 'ap_int_base<32, false>::ap_int_base<32, false>(ap_range_ref<32, false> const&)' into 'ap_range_ref<8, false>& ap_range_ref<8, false>::operator=<32, false>(ap_range_ref<32, false> const&)' (C:\scratch\2022.2\hls_product\608\2022.2\src\shared\hls\clib/include/header_files\ap_int_ref.h:382:22)
INFO: [HLS 214-131] Inlining function 'ap_range_ref<8, false>& ap_range_ref<8, false>::operator=<32, false>(ap_int_base<32, false> const&)' into 'ap_range_ref<8, false>& ap_range_ref<8, false>::operator=<32, false>(ap_range_ref<32, false> const&)' (C:\scratch\2022.2\hls_product\608\2022.2\src\shared\hls\clib/include/header_files\ap_int_ref.h:382:12)
INFO: [HLS 214-131] Inlining function 'ap_range_ref<23, false>::ap_range_ref(ap_int_base<23, false>*, int, int)' into 'ap_int_base<23, false>::range(int, int)' (C:\scratch\2022.2\hls_product\608\2022.2\src\shared\hls\clib/include/header_files\ap_int_base.h:1048:12)
INFO: [HLS 214-131] Inlining function 'ap_int_base<23, false>::range(int, int)' into 'ap_int_base<23, false>::operator()(int, int)' (C:\scratch\2022.2\hls_product\608\2022.2\src\shared\hls\clib/include/header_files\ap_int_base.h:1085:18)
INFO: [HLS 214-131] Inlining function '_ZN8ssdm_intILi23ELb0EEC2EDq23_j' into 'ap_int_base<23, false>::ap_int_base<32, false>(ap_int_base<32, false> const&)' (C:\scratch\2022.2\hls_product\608\2022.2\src\shared\hls\clib/include/header_files\ap_int_base.h:185:106)
INFO: [HLS 214-131] Inlining function 'ap_int_base<23, false>::ap_int_base<32, false>(ap_int_base<32, false> const&)' into 'ap_range_ref<23, false>& ap_range_ref<23, false>::operator=<32, false>(ap_int_base<32, false> const&)' (C:\scratch\2022.2\hls_product\608\2022.2\src\shared\hls\clib/include/header_files\ap_int_ref.h:367:31)
INFO: [HLS 214-131] Inlining function 'ap_int_base<32, false>::ap_int_base<32, false>(ap_range_ref<32, false> const&)' into 'ap_range_ref<23, false>& ap_range_ref<23, false>::operator=<32, false>(ap_range_ref<32, false> const&)' (C:\scratch\2022.2\hls_product\608\2022.2\src\shared\hls\clib/include/header_files\ap_int_ref.h:382:22)
INFO: [HLS 214-131] Inlining function 'ap_range_ref<23, false>& ap_range_ref<23, false>::operator=<32, false>(ap_int_base<32, false> const&)' into 'ap_range_ref<23, false>& ap_range_ref<23, false>::operator=<32, false>(ap_range_ref<32, false> const&)' (C:\scratch\2022.2\hls_product\608\2022.2\src\shared\hls\clib/include/header_files\ap_int_ref.h:382:12)
INFO: [HLS 214-131] Inlining function 'ap_range_ref<23, false>& ap_range_ref<23, false>::operator=<32, false>(ap_range_ref<32, false> const&)' into 'fp_struct<float>::fp_struct(float)' (C:\scratch\2022.2\hls_product\608\2022.2\src\shared\hls\clib/src/hls\utils/x_hls_utils.h:325:18)
INFO: [HLS 214-131] Inlining function 'ap_int_base<23, false>::operator()(int, int)' into 'fp_struct<float>::fp_struct(float)' (C:\scratch\2022.2\hls_product\608\2022.2\src\shared\hls\clib/src/hls\utils/x_hls_utils.h:325:9)
INFO: [HLS 214-131] Inlining function 'ap_int_base<32, false>::operator()(int, int)' into 'fp_struct<float>::fp_struct(float)' (C:\scratch\2022.2\hls_product\608\2022.2\src\shared\hls\clib/src/hls\utils/x_hls_utils.h:325:20)
INFO: [HLS 214-131] Inlining function 'ap_range_ref<8, false>& ap_range_ref<8, false>::operator=<32, false>(ap_range_ref<32, false> const&)' into 'fp_struct<float>::fp_struct(float)' (C:\scratch\2022.2\hls_product\608\2022.2\src\shared\hls\clib/src/hls\utils/x_hls_utils.h:324:17)
INFO: [HLS 214-131] Inlining function 'ap_int_base<8, false>::operator()(int, int)' into 'fp_struct<float>::fp_struct(float)' (C:\scratch\2022.2\hls_product\608\2022.2\src\shared\hls\clib/src/hls\utils/x_hls_utils.h:324:9)
INFO: [HLS 214-131] Inlining function 'ap_int_base<32, false>::operator()(int, int)' into 'fp_struct<float>::fp_struct(float)' (C:\scratch\2022.2\hls_product\608\2022.2\src\shared\hls\clib/src/hls\utils/x_hls_utils.h:324:19)
INFO: [HLS 214-131] Inlining function 'ap_bit_ref<1, false>& ap_bit_ref<1, false>::operator=<32, false>(ap_bit_ref<32, false> const&)' into 'fp_struct<float>::fp_struct(float)' (C:\scratch\2022.2\hls_product\608\2022.2\src\shared\hls\clib/src/hls\utils/x_hls_utils.h:323:17)
INFO: [HLS 214-131] Inlining function 'ap_int_base<1, false>::operator[](int)' into 'fp_struct<float>::fp_struct(float)' (C:\scratch\2022.2\hls_product\608\2022.2\src\shared\hls\clib/src/hls\utils/x_hls_utils.h:323:9)
INFO: [HLS 214-131] Inlining function 'ap_int_base<32, false>::operator[](int)' into 'fp_struct<float>::fp_struct(float)' (C:\scratch\2022.2\hls_product\608\2022.2\src\shared\hls\clib/src/hls\utils/x_hls_utils.h:323:19)
INFO: [HLS 214-131] Inlining function 'ap_fixed_base<32, 32, true, (ap_q_mode)5, (ap_o_mode)3, 0>::operator!() const' into 'ap_fixed_base<24, 1, false, (ap_q_mode)5, (ap_o_mode)3, 0>& ap_fixed_base<24, 1, false, (ap_q_mode)5, (ap_o_mode)3, 0>::operator=<32, 32, true, (ap_q_mode)5, (ap_o_mode)3, 0>(ap_fixed_base<32, 32, true, (ap_q_mode)5, (ap_o_mode)3, 0> const&)' (C:\scratch\2022.2\hls_product\608\2022.2\src\shared\hls\clib/include/header_files\ap_fixed_base.h:808:9)
INFO: [HLS 214-131] Inlining function 'ap_fixed_base<24, 1, false, (ap_q_mode)5, (ap_o_mode)3, 0>& ap_fixed_base<24, 1, false, (ap_q_mode)5, (ap_o_mode)3, 0>::operator=<32, 32, true, (ap_q_mode)5, (ap_o_mode)3, 0>(ap_fixed_base<32, 32, true, (ap_q_mode)5, (ap_o_mode)3, 0> const&)' into 'ap_fixed_base<24, 1, false, (ap_q_mode)5, (ap_o_mode)3, 0>::ap_fixed_base(int)' (C:\scratch\2022.2\hls_product\608\2022.2\src\shared\hls\clib/include/header_files\ap_fixed_base.h:530:146)
INFO: [HLS 214-131] Inlining function 'ap_fixed_base<24, 1, false, (ap_q_mode)5, (ap_o_mode)3, 0>::ap_fixed_base(int)' into 'ap_ufixed<24, 1, (ap_q_mode)5, (ap_o_mode)3, 0>::ap_ufixed(int)'
INFO: [HLS 214-131] Inlining function 'ap_range_ref<23, false>::ap_range_ref(ap_int_base<23, false>*, int, int)' into 'ap_int_base<23, false>::range(int, int) const' (C:\scratch\2022.2\hls_product\608\2022.2\src\shared\hls\clib/include/header_files\ap_int_base.h:1055:12)
INFO: [HLS 214-131] Inlining function 'ap_int_base<23, false>::range(int, int) const' into 'ap_int_base<23, false>::operator()(int, int) const' (C:\scratch\2022.2\hls_product\608\2022.2\src\shared\hls\clib/include/header_files\ap_int_base.h:1089:18)
INFO: [HLS 214-131] Inlining function 'af_range_ref<24, 1, false, (ap_q_mode)5, (ap_o_mode)3, 0>::af_range_ref(ap_fixed_base<24, 1, false, (ap_q_mode)5, (ap_o_mode)3, 0>*, int, int)' into 'ap_fixed_base<24, 1, false, (ap_q_mode)5, (ap_o_mode)3, 0>::range(int, int)' (C:\scratch\2022.2\hls_product\608\2022.2\src\shared\hls\clib/include/header_files\ap_fixed_base.h:1746:12)
INFO: [HLS 214-131] Inlining function 'ap_fixed_base<24, 1, false, (ap_q_mode)5, (ap_o_mode)3, 0>::range(int, int)' into 'ap_fixed_base<24, 1, false, (ap_q_mode)5, (ap_o_mode)3, 0>::operator()(int, int)' (C:\scratch\2022.2\hls_product\608\2022.2\src\shared\hls\clib/include/header_files\ap_fixed_base.h:1785:18)
INFO: [HLS 214-131] Inlining function 'ap_range_ref<23, false>::get() const' into 'ap_int_base<23, false>::ap_int_base<23, false>(ap_range_ref<23, false> const&)' (C:\scratch\2022.2\hls_product\608\2022.2\src\shared\hls\clib/include/header_files\ap_int_base.h:358:20)
INFO: [HLS 214-131] Inlining function 'ap_int_base<23, false>::ap_int_base<23, false>(ap_range_ref<23, false> const&)' into 'af_range_ref<24, 1, false, (ap_q_mode)5, (ap_o_mode)3, 0>& af_range_ref<24, 1, false, (ap_q_mode)5, (ap_o_mode)3, 0>::operator=<23, false>(ap_range_ref<23, false> const&)' (C:\scratch\2022.2\hls_product\608\2022.2\src\shared\hls\clib/include/header_files\ap_fixed_ref.h:301:38)
INFO: [HLS 214-131] Inlining function 'af_range_ref<24, 1, false, (ap_q_mode)5, (ap_o_mode)3, 0>& af_range_ref<24, 1, false, (ap_q_mode)5, (ap_o_mode)3, 0>::operator=<23, false>(ap_int_base<23, false> const&)' into 'af_range_ref<24, 1, false, (ap_q_mode)5, (ap_o_mode)3, 0>& af_range_ref<24, 1, false, (ap_q_mode)5, (ap_o_mode)3, 0>::operator=<23, false>(ap_range_ref<23, false> const&)' (C:\scratch\2022.2\hls_product\608\2022.2\src\shared\hls\clib/include/header_files\ap_fixed_ref.h:302:12)
INFO: [HLS 214-131] Inlining function 'af_bit_ref<24, 1, false, (ap_q_mode)5, (ap_o_mode)3, 0>::af_bit_ref(ap_fixed_base<24, 1, false, (ap_q_mode)5, (ap_o_mode)3, 0>*, int)' into 'ap_fixed_base<24, 1, false, (ap_q_mode)5, (ap_o_mode)3, 0>::operator[](unsigned int)' (C:\scratch\2022.2\hls_product\608\2022.2\src\shared\hls\clib/include/header_files\ap_fixed_base.h:1671:12)
INFO: [HLS 214-131] Inlining function 'af_bit_ref<24, 1, false, (ap_q_mode)5, (ap_o_mode)3, 0>::operator=(bool)' into 'fp_struct<float>::mantissa() const' (C:\scratch\2022.2\hls_product\608\2022.2\src\shared\hls\clib/src/hls\utils/x_hls_utils.h:372:21)
INFO: [HLS 214-131] Inlining function 'ap_fixed_base<24, 1, false, (ap_q_mode)5, (ap_o_mode)3, 0>::operator[](unsigned int)' into 'fp_struct<float>::mantissa() const' (C:\scratch\2022.2\hls_product\608\2022.2\src\shared\hls\clib/src/hls\utils/x_hls_utils.h:372:9)
INFO: [HLS 214-131] Inlining function 'ap_fixed_base<24, 1, false, (ap_q_mode)5, (ap_o_mode)3, 0>::wl() const' into 'fp_struct<float>::mantissa() const' (C:\scratch\2022.2\hls_product\608\2022.2\src\shared\hls\clib/src/hls\utils/x_hls_utils.h:372:13)
INFO: [HLS 214-131] Inlining function 'af_range_ref<24, 1, false, (ap_q_mode)5, (ap_o_mode)3, 0>& af_range_ref<24, 1, false, (ap_q_mode)5, (ap_o_mode)3, 0>::operator=<23, false>(ap_range_ref<23, false> const&)' into 'fp_struct<float>::mantissa() const' (C:\scratch\2022.2\hls_product\608\2022.2\src\shared\hls\clib/src/hls\utils/x_hls_utils.h:371:23)
INFO: [HLS 214-131] Inlining function 'ap_fixed_base<24, 1, false, (ap_q_mode)5, (ap_o_mode)3, 0>::operator()(int, int)' into 'fp_struct<float>::mantissa() const' (C:\scratch\2022.2\hls_product\608\2022.2\src\shared\hls\clib/src/hls\utils/x_hls_utils.h:371:9)
INFO: [HLS 214-131] Inlining function 'ap_fixed_base<24, 1, false, (ap_q_mode)5, (ap_o_mode)3, 0>::wl() const' into 'fp_struct<float>::mantissa() const' (C:\scratch\2022.2\hls_product\608\2022.2\src\shared\hls\clib/src/hls\utils/x_hls_utils.h:371:13)
INFO: [HLS 214-131] Inlining function 'ap_int_base<23, false>::operator()(int, int) const' into 'fp_struct<float>::mantissa() const' (C:\scratch\2022.2\hls_product\608\2022.2\src\shared\hls\clib/src/hls\utils/x_hls_utils.h:371:25)
INFO: [HLS 214-131] Inlining function 'ap_fixed_base<24, 1, false, (ap_q_mode)5, (ap_o_mode)3, 0>::operator!() const' into 'ap_fixed_base<63, 39, false, (ap_q_mode)5, (ap_o_mode)3, 0>& ap_fixed_base<63, 39, false, (ap_q_mode)5, (ap_o_mode)3, 0>::operator=<24, 1, false, (ap_q_mode)5, (ap_o_mode)3, 0>(ap_fixed_base<24, 1, false, (ap_q_mode)5, (ap_o_mode)3, 0> const&)' (C:\scratch\2022.2\hls_product\608\2022.2\src\shared\hls\clib/include/header_files\ap_fixed_base.h:808:9)
INFO: [HLS 214-131] Inlining function '_ZN8ssdm_intILi63ELb0EEC2EDq63_j' into 'ap_fixed_base<63, 39, false, (ap_q_mode)5, (ap_o_mode)3, 0>::ap_fixed_base<24, 1, false, (ap_q_mode)5, (ap_o_mode)3, 0>(ap_fixed_base<24, 1, false, (ap_q_mode)5, (ap_o_mode)3, 0> const&)' (C:\scratch\2022.2\hls_product\608\2022.2\src\shared\hls\clib/include/header_files\ap_fixed_base.h:401:80)
INFO: [HLS 214-131] Inlining function 'ap_fixed_base<63, 39, false, (ap_q_mode)5, (ap_o_mode)3, 0>& ap_fixed_base<63, 39, false, (ap_q_mode)5, (ap_o_mode)3, 0>::operator=<24, 1, false, (ap_q_mode)5, (ap_o_mode)3, 0>(ap_fixed_base<24, 1, false, (ap_q_mode)5, (ap_o_mode)3, 0> const&)' into 'ap_fixed_base<63, 39, false, (ap_q_mode)5, (ap_o_mode)3, 0>::ap_fixed_base<24, 1, false, (ap_q_mode)5, (ap_o_mode)3, 0>(ap_fixed_base<24, 1, false, (ap_q_mode)5, (ap_o_mode)3, 0> const&)' (C:\scratch\2022.2\hls_product\608\2022.2\src\shared\hls\clib/include/header_files\ap_fixed_base.h:403:5)
INFO: [HLS 214-131] Inlining function 'ap_fixed_base<63, 39, false, (ap_q_mode)5, (ap_o_mode)3, 0>::ap_fixed_base<24, 1, false, (ap_q_mode)5, (ap_o_mode)3, 0>(ap_fixed_base<24, 1, false, (ap_q_mode)5, (ap_o_mode)3, 0> const&)' into 'ap_ufixed<63, 39, (ap_q_mode)5, (ap_o_mode)3, 0>::ap_ufixed<24, 1, false, (ap_q_mode)5, (ap_o_mode)3, 0>(ap_fixed_base<24, 1, false, (ap_q_mode)5, (ap_o_mode)3, 0> const&)'
INFO: [HLS 214-131] Inlining function 'ssdm_int<32, true>::ssdm_int(int)' into 'ap_int_base<32, true>::ap_int_base(int)' (C:\scratch\2022.2\hls_product\608\2022.2\src\shared\hls\clib/include/header_files\ap_int_base.h:214:67)
INFO: [HLS 214-131] Inlining function '_ZN8ssdm_intILi33ELb1EEC2EDq33_i' into 'ap_int_base<33, true>::ap_int_base<8, false>(ap_int_base<8, false> const&)' (C:\scratch\2022.2\hls_product\608\2022.2\src\shared\hls\clib/include/header_files\ap_int_base.h:185:106)
INFO: [HLS 214-131] Inlining function '_ZN8ssdm_intILi33ELb1EEC2EDq33_i' into 'ap_int_base<33, true>::ap_int_base<32, true>(ap_int_base<32, true> const&)' (C:\scratch\2022.2\hls_product\608\2022.2\src\shared\hls\clib/include/header_files\ap_int_base.h:185:106)
INFO: [HLS 214-131] Inlining function '_ZN8ssdm_intILi33ELb1EEC2EDq33_i' into 'ap_int_base<33, true>::ap_int_base(int)' (C:\scratch\2022.2\hls_product\608\2022.2\src\shared\hls\clib/include/header_files\ap_int_base.h:214:67)
INFO: [HLS 214-131] Inlining function 'ap_int_base<33, true>::ap_int_base<8, false>(ap_int_base<8, false> const&)' into 'ap_int_base<8, false>::RType<32, true>::minus operator-<8, false, 32, true>(ap_int_base<8, false> const&, ap_int_base<32, true> const&)' (C:\scratch\2022.2\hls_product\608\2022.2\src\shared\hls\clib/include/header_files\ap_int_base.h:1496:341)
INFO: [HLS 214-131] Inlining function 'ap_int_base<33, true>::ap_int_base(int)' into 'ap_int_base<8, false>::RType<32, true>::minus operator-<8, false, 32, true>(ap_int_base<8, false> const&, ap_int_base<32, true> const&)' (C:\scratch\2022.2\hls_product\608\2022.2\src\shared\hls\clib/include/header_files\ap_int_base.h:1496:520)
INFO: [HLS 214-131] Inlining function 'ap_int_base<33, true>::ap_int_base<32, true>(ap_int_base<32, true> const&)' into 'ap_int_base<8, false>::RType<32, true>::minus operator-<8, false, 32, true>(ap_int_base<8, false> const&, ap_int_base<32, true> const&)' (C:\scratch\2022.2\hls_product\608\2022.2\src\shared\hls\clib/include/header_files\ap_int_base.h:1496:430)
INFO: [HLS 214-131] Inlining function 'ap_int_base<32, true>::ap_int_base(int)' into 'ap_int_base<8, false>::RType<($_0)32, true>::minus operator-<8, false>(ap_int_base<8, false> const&, int)' (C:\scratch\2022.2\hls_product\608\2022.2\src\shared\hls\clib/include/header_files\ap_int_base.h:1633:1531)
INFO: [HLS 214-131] Inlining function 'ap_int_base<8, false>::RType<32, true>::minus operator-<8, false, 32, true>(ap_int_base<8, false> const&, ap_int_base<32, true> const&)' into 'ap_int_base<8, false>::RType<($_0)32, true>::minus operator-<8, false>(ap_int_base<8, false> const&, int)' (C:\scratch\2022.2\hls_product\608\2022.2\src\shared\hls\clib/include/header_files\ap_int_base.h:1633:1529)
INFO: [HLS 214-131] Inlining function 'ap_int_base<8, false>::RType<($_0)32, true>::minus operator-<8, false>(ap_int_base<8, false> const&, int)' into 'fp_struct<float>::expv() const' (C:\scratch\2022.2\hls_product\608\2022.2\src\shared\hls\clib/src/hls\utils/x_hls_utils.h:346:19)
INFO: [HLS 214-131] Inlining function 'ap_int_base<33, true>::operator long long() const' into 'fp_struct<float>::expv() const' (C:\scratch\2022.2\hls_product\608\2022.2\src\shared\hls\clib/src/hls\utils/x_hls_utils.h:346:16)
INFO: [HLS 214-131] Inlining function 'ap_fixed_base<32, 32, true, (ap_q_mode)5, (ap_o_mode)3, 0>::operator!() const' into 'ap_fixed_base<63, 39, false, (ap_q_mode)5, (ap_o_mode)3, 0>& ap_fixed_base<63, 39, false, (ap_q_mode)5, (ap_o_mode)3, 0>::operator=<32, 32, true, (ap_q_mode)5, (ap_o_mode)3, 0>(ap_fixed_base<32, 32, true, (ap_q_mode)5, (ap_o_mode)3, 0> const&)' (C:\scratch\2022.2\hls_product\608\2022.2\src\shared\hls\clib/include/header_files\ap_fixed_base.h:808:9)
INFO: [HLS 214-131] Inlining function 'ap_fixed_base<63, 39, false, (ap_q_mode)5, (ap_o_mode)3, 0>& ap_fixed_base<63, 39, false, (ap_q_mode)5, (ap_o_mode)3, 0>::operator=<32, 32, true, (ap_q_mode)5, (ap_o_mode)3, 0>(ap_fixed_base<32, 32, true, (ap_q_mode)5, (ap_o_mode)3, 0> const&)' into 'ap_fixed_base<63, 39, false, (ap_q_mode)5, (ap_o_mode)3, 0>::ap_fixed_base(int)' (C:\scratch\2022.2\hls_product\608\2022.2\src\shared\hls\clib/include/header_files\ap_fixed_base.h:530:146)
INFO: [HLS 214-131] Inlining function 'ap_fixed_base<63, 39, false, (ap_q_mode)5, (ap_o_mode)3, 0>::ap_fixed_base(int)' into 'ap_fixed_base<63, 39, false, (ap_q_mode)5, (ap_o_mode)3, 0>::operator>>(unsigned int) const' (C:\scratch\2022.2\hls_product\608\2022.2\src\shared\hls\clib/include/header_files\ap_fixed_base.h:1487:19)
INFO: [HLS 214-131] Inlining function 'ap_fixed_base<63, 39, false, (ap_q_mode)5, (ap_o_mode)3, 0>::ap_fixed_base(int)' into 'ap_fixed_base<63, 39, false, (ap_q_mode)5, (ap_o_mode)3, 0>::operator<<(unsigned int) const' (C:\scratch\2022.2\hls_product\608\2022.2\src\shared\hls\clib/include/header_files\ap_fixed_base.h:1453:19)
INFO: [HLS 214-131] Inlining function 'ap_fixed_base<63, 39, false, (ap_q_mode)5, (ap_o_mode)3, 0>::ap_fixed_base(int)' into 'ap_fixed_base<63, 39, false, (ap_q_mode)5, (ap_o_mode)3, 0>::operator<<(int) const' (C:\scratch\2022.2\hls_product\608\2022.2\src\shared\hls\clib/include/header_files\ap_fixed_base.h:1510:19)
INFO: [HLS 214-131] Inlining function 'ap_fixed_base<63, 39, false, (ap_q_mode)5, (ap_o_mode)3, 0>::operator<<(unsigned int) const' into 'ap_fixed_base<63, 39, false, (ap_q_mode)5, (ap_o_mode)3, 0>::operator<<(int) const' (C:\scratch\2022.2\hls_product\608\2022.2\src\shared\hls\clib/include/header_files\ap_fixed_base.h:1516:14)
INFO: [HLS 214-131] Inlining function 'ap_fixed_base<63, 39, false, (ap_q_mode)5, (ap_o_mode)3, 0>::operator>>(unsigned int) const' into 'ap_fixed_base<63, 39, false, (ap_q_mode)5, (ap_o_mode)3, 0>::operator<<(int) const' (C:\scratch\2022.2\hls_product\608\2022.2\src\shared\hls\clib/include/header_files\ap_fixed_base.h:1514:14)
INFO: [HLS 214-131] Inlining function '_ZN8ssdm_intILi63ELb0EEC2EDq63_j' into 'ap_int_base<63, false>::ap_int_base(int)' (C:\scratch\2022.2\hls_product\608\2022.2\src\shared\hls\clib/include/header_files\ap_int_base.h:214:67)
INFO: [HLS 214-131] Inlining function 'ap_int_base<63, false>::ap_int_base(int)' into 'ap_int_base<63, false>::RType<63, false>::arg1 operator>><63, false>(ap_int_base<63, false> const&, int)' (C:\scratch\2022.2\hls_product\608\2022.2\src\shared\hls\clib/include/header_files\ap_int_base.h:1669:558)
INFO: [HLS 214-131] Inlining function 'ap_int_base<1, false>::ap_int_base(int)' into 'ap_fixed_base<1, 16, false, (ap_q_mode)5, (ap_o_mode)0, 0>::overflow_adjust(bool, bool, bool, bool)' (C:\scratch\2022.2\hls_product\608\2022.2\src\shared\hls\clib/include/header_files\ap_fixed_base.h:357:23)
INFO: [HLS 214-131] Inlining function 'ap_fixed_base<63, 39, false, (ap_q_mode)5, (ap_o_mode)3, 0>::operator!() const' into 'ap_fixed_base<1, 16, false, (ap_q_mode)5, (ap_o_mode)0, 0>& ap_fixed_base<1, 16, false, (ap_q_mode)5, (ap_o_mode)0, 0>::operator=<63, 39, false, (ap_q_mode)5, (ap_o_mode)3, 0>(ap_fixed_base<63, 39, false, (ap_q_mode)5, (ap_o_mode)3, 0> const&)' (C:\scratch\2022.2\hls_product\608\2022.2\src\shared\hls\clib/include/header_files\ap_fixed_base.h:808:9)
INFO: [HLS 214-131] Inlining function 'ap_fixed_base<1, 16, false, (ap_q_mode)5, (ap_o_mode)0, 0>::overflow_adjust(bool, bool, bool, bool)' into 'ap_fixed_base<1, 16, false, (ap_q_mode)5, (ap_o_mode)0, 0>& ap_fixed_base<1, 16, false, (ap_q_mode)5, (ap_o_mode)0, 0>::operator=<63, 39, false, (ap_q_mode)5, (ap_o_mode)3, 0>(ap_fixed_base<63, 39, false, (ap_q_mode)5, (ap_o_mode)3, 0> const&)' (C:\scratch\2022.2\hls_product\608\2022.2\src\shared\hls\clib/include/header_files\ap_fixed_base.h:903:7)
INFO: [HLS 214-131] Inlining function 'bool ap_int_base<63, false>::operator==<63, false>(ap_int_base<63, false> const&) const' into 'ap_fixed_base<1, 16, false, (ap_q_mode)5, (ap_o_mode)0, 0>& ap_fixed_base<1, 16, false, (ap_q_mode)5, (ap_o_mode)0, 0>::operator=<63, 39, false, (ap_q_mode)5, (ap_o_mode)3, 0>(ap_fixed_base<63, 39, false, (ap_q_mode)5, (ap_o_mode)3, 0> const&)' (C:\scratch\2022.2\hls_product\608\2022.2\src\shared\hls\clib/include/header_files\ap_fixed_base.h:877:36)
INFO: [HLS 214-131] Inlining function 'ap_int_base<63, false>::RType<63, false>::arg1 operator>><63, false>(ap_int_base<63, false> const&, int)' into 'ap_fixed_base<1, 16, false, (ap_q_mode)5, (ap_o_mode)0, 0>& ap_fixed_base<1, 16, false, (ap_q_mode)5, (ap_o_mode)0, 0>::operator=<63, 39, false, (ap_q_mode)5, (ap_o_mode)3, 0>(ap_fixed_base<63, 39, false, (ap_q_mode)5, (ap_o_mode)3, 0> const&)' (C:\scratch\2022.2\hls_product\608\2022.2\src\shared\hls\clib/include/header_files\ap_fixed_base.h:877:49)
INFO: [HLS 214-131] Inlining function 'ap_int_base<63, false>::ap_int_base(int)' into 'ap_fixed_base<1, 16, false, (ap_q_mode)5, (ap_o_mode)0, 0>& ap_fixed_base<1, 16, false, (ap_q_mode)5, (ap_o_mode)0, 0>::operator=<63, 39, false, (ap_q_mode)5, (ap_o_mode)3, 0>(ap_fixed_base<63, 39, false, (ap_q_mode)5, (ap_o_mode)3, 0> const&)' (C:\scratch\2022.2\hls_product\608\2022.2\src\shared\hls\clib/include/header_files\ap_fixed_base.h:875:38)
INFO: [HLS 214-131] Inlining function 'bool ap_int_base<63, false>::operator==<63, false>(ap_int_base<63, false> const&) const' into 'ap_fixed_base<1, 16, false, (ap_q_mode)5, (ap_o_mode)0, 0>& ap_fixed_base<1, 16, false, (ap_q_mode)5, (ap_o_mode)0, 0>::operator=<63, 39, false, (ap_q_mode)5, (ap_o_mode)3, 0>(ap_fixed_base<63, 39, false, (ap_q_mode)5, (ap_o_mode)3, 0> const&)' (C:\scratch\2022.2\hls_product\608\2022.2\src\shared\hls\clib/include/header_files\ap_fixed_base.h:869:36)
INFO: [HLS 214-131] Inlining function 'ap_int_base<63, false>::RType<63, false>::arg1 operator>><63, false>(ap_int_base<63, false> const&, int)' into 'ap_fixed_base<1, 16, false, (ap_q_mode)5, (ap_o_mode)0, 0>& ap_fixed_base<1, 16, false, (ap_q_mode)5, (ap_o_mode)0, 0>::operator=<63, 39, false, (ap_q_mode)5, (ap_o_mode)3, 0>(ap_fixed_base<63, 39, false, (ap_q_mode)5, (ap_o_mode)3, 0> const&)' (C:\scratch\2022.2\hls_product\608\2022.2\src\shared\hls\clib/include/header_files\ap_fixed_base.h:869:49)
INFO: [HLS 214-131] Inlining function 'ap_int_base<63, false>::ap_int_base(int)' into 'ap_fixed_base<1, 16, false, (ap_q_mode)5, (ap_o_mode)0, 0>& ap_fixed_base<1, 16, false, (ap_q_mode)5, (ap_o_mode)0, 0>::operator=<63, 39, false, (ap_q_mode)5, (ap_o_mode)3, 0>(ap_fixed_base<63, 39, false, (ap_q_mode)5, (ap_o_mode)3, 0> const&)' (C:\scratch\2022.2\hls_product\608\2022.2\src\shared\hls\clib/include/header_files\ap_fixed_base.h:867:38)
INFO: [HLS 214-131] Inlining function 'ap_int_base<63, false>::ap_int_base(int)' into 'ap_fixed_base<1, 16, false, (ap_q_mode)5, (ap_o_mode)0, 0>& ap_fixed_base<1, 16, false, (ap_q_mode)5, (ap_o_mode)0, 0>::operator=<63, 39, false, (ap_q_mode)5, (ap_o_mode)3, 0>(ap_fixed_base<63, 39, false, (ap_q_mode)5, (ap_o_mode)3, 0> const&)' (C:\scratch\2022.2\hls_product\608\2022.2\src\shared\hls\clib/include/header_files\ap_fixed_base.h:864:36)
INFO: [HLS 214-131] Inlining function '_ZN8ssdm_intILi1ELb0EEC2EDq1_j' into 'ap_fixed_base<1, 16, false, (ap_q_mode)5, (ap_o_mode)0, 0>::ap_fixed_base<63, 39, false, (ap_q_mode)5, (ap_o_mode)3, 0>(ap_fixed_base<63, 39, false, (ap_q_mode)5, (ap_o_mode)3, 0> const&)' (C:\scratch\2022.2\hls_product\608\2022.2\src\shared\hls\clib/include/header_files\ap_fixed_base.h:401:80)
INFO: [HLS 214-131] Inlining function 'ap_fixed_base<1, 16, false, (ap_q_mode)5, (ap_o_mode)0, 0>& ap_fixed_base<1, 16, false, (ap_q_mode)5, (ap_o_mode)0, 0>::operator=<63, 39, false, (ap_q_mode)5, (ap_o_mode)3, 0>(ap_fixed_base<63, 39, false, (ap_q_mode)5, (ap_o_mode)3, 0> const&)' into 'ap_fixed_base<1, 16, false, (ap_q_mode)5, (ap_o_mode)0, 0>::ap_fixed_base<63, 39, false, (ap_q_mode)5, (ap_o_mode)3, 0>(ap_fixed_base<63, 39, false, (ap_q_mode)5, (ap_o_mode)3, 0> const&)' (C:\scratch\2022.2\hls_product\608\2022.2\src\shared\hls\clib/include/header_files\ap_fixed_base.h:403:5)
INFO: [HLS 214-131] Inlining function 'ap_fixed_base<1, 16, false, (ap_q_mode)5, (ap_o_mode)0, 0>::ap_fixed_base<63, 39, false, (ap_q_mode)5, (ap_o_mode)3, 0>(ap_fixed_base<63, 39, false, (ap_q_mode)5, (ap_o_mode)3, 0> const&)' into 'ap_ufixed<1, 16, (ap_q_mode)5, (ap_o_mode)0, 0>::ap_ufixed<63, 39, false, (ap_q_mode)5, (ap_o_mode)3, 0>(ap_fixed_base<63, 39, false, (ap_q_mode)5, (ap_o_mode)3, 0> const&)'
INFO: [HLS 214-131] Inlining function 'ap_fixed_base<63, 39, false, (ap_q_mode)5, (ap_o_mode)3, 0>::operator!() const' into 'ap_fixed_base<16, 16, false, (ap_q_mode)6, (ap_o_mode)3, 0>& ap_fixed_base<16, 16, false, (ap_q_mode)6, (ap_o_mode)3, 0>::operator=<63, 39, false, (ap_q_mode)5, (ap_o_mode)3, 0>(ap_fixed_base<63, 39, false, (ap_q_mode)5, (ap_o_mode)3, 0> const&)' (C:\scratch\2022.2\hls_product\608\2022.2\src\shared\hls\clib/include/header_files\ap_fixed_base.h:808:9)
INFO: [HLS 214-131] Inlining function 'ssdm_int<16, false>::ssdm_int(unsigned short)' into 'ap_fixed_base<16, 16, false, (ap_q_mode)6, (ap_o_mode)3, 0>::ap_fixed_base<63, 39, false, (ap_q_mode)5, (ap_o_mode)3, 0>(ap_fixed_base<63, 39, false, (ap_q_mode)5, (ap_o_mode)3, 0> const&)' (C:\scratch\2022.2\hls_product\608\2022.2\src\shared\hls\clib/include/header_files\ap_fixed_base.h:401:80)
INFO: [HLS 214-131] Inlining function 'ap_fixed_base<16, 16, false, (ap_q_mode)6, (ap_o_mode)3, 0>& ap_fixed_base<16, 16, false, (ap_q_mode)6, (ap_o_mode)3, 0>::operator=<63, 39, false, (ap_q_mode)5, (ap_o_mode)3, 0>(ap_fixed_base<63, 39, false, (ap_q_mode)5, (ap_o_mode)3, 0> const&)' into 'ap_fixed_base<16, 16, false, (ap_q_mode)6, (ap_o_mode)3, 0>::ap_fixed_base<63, 39, false, (ap_q_mode)5, (ap_o_mode)3, 0>(ap_fixed_base<63, 39, false, (ap_q_mode)5, (ap_o_mode)3, 0> const&)' (C:\scratch\2022.2\hls_product\608\2022.2\src\shared\hls\clib/include/header_files\ap_fixed_base.h:403:5)
INFO: [HLS 214-131] Inlining function 'ap_fixed_base<16, 16, false, (ap_q_mode)6, (ap_o_mode)3, 0>::ap_fixed_base<63, 39, false, (ap_q_mode)5, (ap_o_mode)3, 0>(ap_fixed_base<63, 39, false, (ap_q_mode)5, (ap_o_mode)3, 0> const&)' into 'ap_ufixed<16, 16, (ap_q_mode)6, (ap_o_mode)3, 0>::ap_ufixed<63, 39, false, (ap_q_mode)5, (ap_o_mode)3, 0>(ap_fixed_base<63, 39, false, (ap_q_mode)5, (ap_o_mode)3, 0> const&)'
INFO: [HLS 214-131] Inlining function 'ap_fixed_base<1, 16, false, (ap_q_mode)5, (ap_o_mode)0, 0>::operator!() const' into 'ap_fixed_base<17, 17, false, (ap_q_mode)5, (ap_o_mode)0, 0>& ap_fixed_base<17, 17, false, (ap_q_mode)5, (ap_o_mode)0, 0>::operator=<1, 16, false, (ap_q_mode)5, (ap_o_mode)0, 0>(ap_fixed_base<1, 16, false, (ap_q_mode)5, (ap_o_mode)0, 0> const&)' (C:\scratch\2022.2\hls_product\608\2022.2\src\shared\hls\clib/include/header_files\ap_fixed_base.h:808:9)
INFO: [HLS 214-131] Inlining function '_ZN8ssdm_intILi17ELb0EEC2EDq17_j' into 'ap_fixed_base<17, 17, false, (ap_q_mode)5, (ap_o_mode)0, 0>::ap_fixed_base<1, 16, false, (ap_q_mode)5, (ap_o_mode)0, 0>(ap_fixed_base<1, 16, false, (ap_q_mode)5, (ap_o_mode)0, 0> const&)' (C:\scratch\2022.2\hls_product\608\2022.2\src\shared\hls\clib/include/header_files\ap_fixed_base.h:401:80)
INFO: [HLS 214-131] Inlining function 'ap_fixed_base<17, 17, false, (ap_q_mode)5, (ap_o_mode)0, 0>& ap_fixed_base<17, 17, false, (ap_q_mode)5, (ap_o_mode)0, 0>::operator=<1, 16, false, (ap_q_mode)5, (ap_o_mode)0, 0>(ap_fixed_base<1, 16, false, (ap_q_mode)5, (ap_o_mode)0, 0> const&)' into 'ap_fixed_base<17, 17, false, (ap_q_mode)5, (ap_o_mode)0, 0>::ap_fixed_base<1, 16, false, (ap_q_mode)5, (ap_o_mode)0, 0>(ap_fixed_base<1, 16, false, (ap_q_mode)5, (ap_o_mode)0, 0> const&)' (C:\scratch\2022.2\hls_product\608\2022.2\src\shared\hls\clib/include/header_files\ap_fixed_base.h:403:5)
INFO: [HLS 214-131] Inlining function 'ap_fixed_base<17, 17, false, (ap_q_mode)5, (ap_o_mode)0, 0>::ap_fixed_base<1, 16, false, (ap_q_mode)5, (ap_o_mode)0, 0>(ap_fixed_base<1, 16, false, (ap_q_mode)5, (ap_o_mode)0, 0> const&)' into 'bool ap_fixed_base<1, 16, false, (ap_q_mode)5, (ap_o_mode)0, 0>::operator!=<32, 32, true, (ap_q_mode)5, (ap_o_mode)3, 0>(ap_fixed_base<32, 32, true, (ap_q_mode)5, (ap_o_mode)3, 0> const&) const' (C:\scratch\2022.2\hls_product\608\2022.2\src\shared\hls\clib/include/header_files\ap_fixed_base.h:1654:505)
INFO: [HLS 214-131] Inlining function 'ap_fixed_base<32, 32, true, (ap_q_mode)5, (ap_o_mode)3, 0>::ap_fixed_base(int)' into 'bool operator!=<1, 16, false, (ap_q_mode)5, (ap_o_mode)0, 0>(ap_fixed_base<1, 16, false, (ap_q_mode)5, (ap_o_mode)0, 0> const&, int)' (C:\scratch\2022.2\hls_product\608\2022.2\src\shared\hls\clib/include/header_files\ap_fixed_base.h:2376:13043)
INFO: [HLS 214-131] Inlining function 'bool ap_fixed_base<1, 16, false, (ap_q_mode)5, (ap_o_mode)0, 0>::operator!=<32, 32, true, (ap_q_mode)5, (ap_o_mode)3, 0>(ap_fixed_base<32, 32, true, (ap_q_mode)5, (ap_o_mode)3, 0> const&) const' into 'bool operator!=<1, 16, false, (ap_q_mode)5, (ap_o_mode)0, 0>(ap_fixed_base<1, 16, false, (ap_q_mode)5, (ap_o_mode)0, 0> const&, int)' (C:\scratch\2022.2\hls_product\608\2022.2\src\shared\hls\clib/include/header_files\ap_fixed_base.h:2376:13031)
INFO: [HLS 214-131] Inlining function 'ssdm_int<16, true>::ssdm_int(short)' into 'ap_int_base<16, true>::ap_int_base(int)' (C:\scratch\2022.2\hls_product\608\2022.2\src\shared\hls\clib/include/header_files\ap_int_base.h:214:67)
INFO: [HLS 214-131] Inlining function 'ap_int_base<16, true>::ap_int_base(int)' into 'ap_int<16>::ap_int(int)'
INFO: [HLS 214-131] Inlining function 'ap_bit_ref<16, true>::ap_bit_ref(ap_int_base<16, true>*, int)' into 'ap_int_base<16, true>::operator[](int)' (C:\scratch\2022.2\hls_product\608\2022.2\src\shared\hls\clib/include/header_files\ap_int_base.h:1129:30)
INFO: [HLS 214-131] Inlining function 'ap_fixed_base<1, 16, false, (ap_q_mode)5, (ap_o_mode)0, 0>::operator!() const' into 'ap_fixed_base<16, 16, false, (ap_q_mode)5, (ap_o_mode)0, 0>& ap_fixed_base<16, 16, false, (ap_q_mode)5, (ap_o_mode)0, 0>::operator=<1, 16, false, (ap_q_mode)5, (ap_o_mode)0, 0>(ap_fixed_base<1, 16, false, (ap_q_mode)5, (ap_o_mode)0, 0> const&)' (C:\scratch\2022.2\hls_product\608\2022.2\src\shared\hls\clib/include/header_files\ap_fixed_base.h:808:9)
INFO: [HLS 214-131] Inlining function 'ssdm_int<16, false>::ssdm_int(unsigned short)' into 'ap_fixed_base<16, 16, false, (ap_q_mode)5, (ap_o_mode)0, 0>::ap_fixed_base<1, 16, false, (ap_q_mode)5, (ap_o_mode)0, 0>(ap_fixed_base<1, 16, false, (ap_q_mode)5, (ap_o_mode)0, 0> const&)' (C:\scratch\2022.2\hls_product\608\2022.2\src\shared\hls\clib/include/header_files\ap_fixed_base.h:401:80)
INFO: [HLS 214-131] Inlining function 'ap_fixed_base<16, 16, false, (ap_q_mode)5, (ap_o_mode)0, 0>& ap_fixed_base<16, 16, false, (ap_q_mode)5, (ap_o_mode)0, 0>::operator=<1, 16, false, (ap_q_mode)5, (ap_o_mode)0, 0>(ap_fixed_base<1, 16, false, (ap_q_mode)5, (ap_o_mode)0, 0> const&)' into 'ap_fixed_base<16, 16, false, (ap_q_mode)5, (ap_o_mode)0, 0>::ap_fixed_base<1, 16, false, (ap_q_mode)5, (ap_o_mode)0, 0>(ap_fixed_base<1, 16, false, (ap_q_mode)5, (ap_o_mode)0, 0> const&)' (C:\scratch\2022.2\hls_product\608\2022.2\src\shared\hls\clib/include/header_files\ap_fixed_base.h:403:5)
INFO: [HLS 214-131] Inlining function 'ap_fixed_base<16, 16, false, (ap_q_mode)5, (ap_o_mode)0, 0>::ap_fixed_base<1, 16, false, (ap_q_mode)5, (ap_o_mode)0, 0>(ap_fixed_base<1, 16, false, (ap_q_mode)5, (ap_o_mode)0, 0> const&)' into 'bool ap_fixed_base<32, 32, true, (ap_q_mode)5, (ap_o_mode)3, 0>::operator==<1, 16, false, (ap_q_mode)5, (ap_o_mode)0, 0>(ap_fixed_base<1, 16, false, (ap_q_mode)5, (ap_o_mode)0, 0> const&) const' (C:\scratch\2022.2\hls_product\608\2022.2\src\shared\hls\clib/include/header_files\ap_fixed_base.h:1653:370)
INFO: [HLS 214-131] Inlining function 'ap_fixed_base<32, 32, true, (ap_q_mode)5, (ap_o_mode)3, 0>::ap_fixed_base(int)' into 'bool operator==<1, 16, false, (ap_q_mode)5, (ap_o_mode)0, 0>(int, ap_fixed_base<1, 16, false, (ap_q_mode)5, (ap_o_mode)0, 0> const&)' (C:\scratch\2022.2\hls_product\608\2022.2\src\shared\hls\clib/include/header_files\ap_fixed_base.h:2376:12718)
INFO: [HLS 214-131] Inlining function 'bool ap_fixed_base<32, 32, true, (ap_q_mode)5, (ap_o_mode)3, 0>::operator==<1, 16, false, (ap_q_mode)5, (ap_o_mode)0, 0>(ap_fixed_base<1, 16, false, (ap_q_mode)5, (ap_o_mode)0, 0> const&) const' into 'bool operator==<1, 16, false, (ap_q_mode)5, (ap_o_mode)0, 0>(int, ap_fixed_base<1, 16, false, (ap_q_mode)5, (ap_o_mode)0, 0> const&)' (C:\scratch\2022.2\hls_product\608\2022.2\src\shared\hls\clib/include/header_files\ap_fixed_base.h:2376:12778)
INFO: [HLS 214-131] Inlining function 'ap_int_base<32, true>::ap_int_base(int)' into 'bool operator!=<23, false>(int, ap_int_base<23, false> const&)' (C:\scratch\2022.2\hls_product\608\2022.2\src\shared\hls\clib/include/header_files\ap_int_base.h:1788:2037)
INFO: [HLS 214-131] Inlining function 'bool ap_int_base<32, true>::operator!=<23, false>(ap_int_base<23, false> const&) const' into 'bool operator!=<23, false>(int, ap_int_base<23, false> const&)' (C:\scratch\2022.2\hls_product\608\2022.2\src\shared\hls\clib/include/header_files\ap_int_base.h:1788:2075)
INFO: [HLS 214-131] Inlining function 'ap_int_base<32, true>::ap_int_base(int)' into 'bool operator==<8, false>(ap_int_base<8, false> const&, int)' (C:\scratch\2022.2\hls_product\608\2022.2\src\shared\hls\clib/include/header_files\ap_int_base.h:1788:1853)
INFO: [HLS 214-131] Inlining function 'bool ap_int_base<8, false>::operator==<32, true>(ap_int_base<32, true> const&) const' into 'bool operator==<8, false>(ap_int_base<8, false> const&, int)' (C:\scratch\2022.2\hls_product\608\2022.2\src\shared\hls\clib/include/header_files\ap_int_base.h:1788:1850)
INFO: [HLS 214-131] Inlining function 'ap_int_base<1, false>::to_int() const' into 'fp_struct<float>::__signbit() const' (C:\scratch\2022.2\hls_product\608\2022.2\src\shared\hls\clib/src/hls\utils/x_hls_utils.h:379:21)
INFO: [HLS 214-131] Inlining function 'ap_fixed_base<16, 16, false, (ap_q_mode)6, (ap_o_mode)3, 0>::operator!() const' into 'ap_fixed_base<16, 16, true, (ap_q_mode)5, (ap_o_mode)3, 0>& ap_fixed_base<16, 16, true, (ap_q_mode)5, (ap_o_mode)3, 0>::operator=<16, 16, false, (ap_q_mode)6, (ap_o_mode)3, 0>(ap_fixed_base<16, 16, false, (ap_q_mode)6, (ap_o_mode)3, 0> const&)' (C:\scratch\2022.2\hls_product\608\2022.2\src\shared\hls\clib/include/header_files\ap_fixed_base.h:808:9)
INFO: [HLS 214-131] Inlining function 'ssdm_int<16, true>::ssdm_int(short)' into 'ap_fixed_base<16, 16, true, (ap_q_mode)5, (ap_o_mode)3, 0>::ap_fixed_base<16, 16, false, (ap_q_mode)6, (ap_o_mode)3, 0>(ap_fixed_base<16, 16, false, (ap_q_mode)6, (ap_o_mode)3, 0> const&)' (C:\scratch\2022.2\hls_product\608\2022.2\src\shared\hls\clib/include/header_files\ap_fixed_base.h:401:80)
INFO: [HLS 214-131] Inlining function 'ap_fixed_base<16, 16, true, (ap_q_mode)5, (ap_o_mode)3, 0>& ap_fixed_base<16, 16, true, (ap_q_mode)5, (ap_o_mode)3, 0>::operator=<16, 16, false, (ap_q_mode)6, (ap_o_mode)3, 0>(ap_fixed_base<16, 16, false, (ap_q_mode)6, (ap_o_mode)3, 0> const&)' into 'ap_fixed_base<16, 16, true, (ap_q_mode)5, (ap_o_mode)3, 0>::ap_fixed_base<16, 16, false, (ap_q_mode)6, (ap_o_mode)3, 0>(ap_fixed_base<16, 16, false, (ap_q_mode)6, (ap_o_mode)3, 0> const&)' (C:\scratch\2022.2\hls_product\608\2022.2\src\shared\hls\clib/include/header_files\ap_fixed_base.h:403:5)
INFO: [HLS 214-131] Inlining function 'ap_fixed_base<16, 16, true, (ap_q_mode)5, (ap_o_mode)3, 0>::ap_fixed_base<16, 16, false, (ap_q_mode)6, (ap_o_mode)3, 0>(ap_fixed_base<16, 16, false, (ap_q_mode)6, (ap_o_mode)3, 0> const&)' into 'ap_fixed<16, 16, (ap_q_mode)5, (ap_o_mode)3, 0>::ap_fixed<16, 16, false, (ap_q_mode)6, (ap_o_mode)3, 0>(ap_fixed_base<16, 16, false, (ap_q_mode)6, (ap_o_mode)3, 0> const&)'
INFO: [HLS 214-131] Inlining function 'ap_fixed_base<16, 16, false, (ap_q_mode)6, (ap_o_mode)3, 0>::operator!() const' into 'ap_fixed_base<17, 17, true, (ap_q_mode)5, (ap_o_mode)3, 0>& ap_fixed_base<17, 17, true, (ap_q_mode)5, (ap_o_mode)3, 0>::operator=<16, 16, false, (ap_q_mode)6, (ap_o_mode)3, 0>(ap_fixed_base<16, 16, false, (ap_q_mode)6, (ap_o_mode)3, 0> const&)' (C:\scratch\2022.2\hls_product\608\2022.2\src\shared\hls\clib/include/header_files\ap_fixed_base.h:808:9)
INFO: [HLS 214-131] Inlining function '_ZN8ssdm_intILi17ELb1EEC2EDq17_i' into 'ap_fixed_base<17, 17, true, (ap_q_mode)5, (ap_o_mode)3, 0>::ap_fixed_base<16, 16, false, (ap_q_mode)6, (ap_o_mode)3, 0>(ap_fixed_base<16, 16, false, (ap_q_mode)6, (ap_o_mode)3, 0> const&)' (C:\scratch\2022.2\hls_product\608\2022.2\src\shared\hls\clib/include/header_files\ap_fixed_base.h:401:80)
INFO: [HLS 214-131] Inlining function 'ap_fixed_base<17, 17, true, (ap_q_mode)5, (ap_o_mode)3, 0>& ap_fixed_base<17, 17, true, (ap_q_mode)5, (ap_o_mode)3, 0>::operator=<16, 16, false, (ap_q_mode)6, (ap_o_mode)3, 0>(ap_fixed_base<16, 16, false, (ap_q_mode)6, (ap_o_mode)3, 0> const&)' into 'ap_fixed_base<17, 17, true, (ap_q_mode)5, (ap_o_mode)3, 0>::ap_fixed_base<16, 16, false, (ap_q_mode)6, (ap_o_mode)3, 0>(ap_fixed_base<16, 16, false, (ap_q_mode)6, (ap_o_mode)3, 0> const&)' (C:\scratch\2022.2\hls_product\608\2022.2\src\shared\hls\clib/include/header_files\ap_fixed_base.h:403:5)
INFO: [HLS 214-131] Inlining function 'ap_fixed_base<17, 17, true, (ap_q_mode)5, (ap_o_mode)3, 0>::ap_fixed_base<16, 16, false, (ap_q_mode)6, (ap_o_mode)3, 0>(ap_fixed_base<16, 16, false, (ap_q_mode)6, (ap_o_mode)3, 0> const&)' into 'ap_fixed_base<16, 16, false, (ap_q_mode)6, (ap_o_mode)3, 0>::operator-() const' (C:\scratch\2022.2\hls_product\608\2022.2\src\shared\hls\clib/include/header_files\ap_fixed_base.h:1407:47)
INFO: [HLS 214-131] Inlining function 'ap_fixed_base<17, 17, true, (ap_q_mode)5, (ap_o_mode)3, 0>::operator!() const' into 'ap_fixed_base<16, 16, true, (ap_q_mode)5, (ap_o_mode)3, 0>& ap_fixed_base<16, 16, true, (ap_q_mode)5, (ap_o_mode)3, 0>::operator=<17, 17, true, (ap_q_mode)5, (ap_o_mode)3, 0>(ap_fixed_base<17, 17, true, (ap_q_mode)5, (ap_o_mode)3, 0> const&)' (C:\scratch\2022.2\hls_product\608\2022.2\src\shared\hls\clib/include/header_files\ap_fixed_base.h:808:9)
INFO: [HLS 214-131] Inlining function 'ssdm_int<16, true>::ssdm_int(short)' into 'ap_fixed_base<16, 16, true, (ap_q_mode)5, (ap_o_mode)3, 0>::ap_fixed_base<17, 17, true, (ap_q_mode)5, (ap_o_mode)3, 0>(ap_fixed_base<17, 17, true, (ap_q_mode)5, (ap_o_mode)3, 0> const&)' (C:\scratch\2022.2\hls_product\608\2022.2\src\shared\hls\clib/include/header_files\ap_fixed_base.h:401:80)
INFO: [HLS 214-131] Inlining function 'ap_fixed_base<16, 16, true, (ap_q_mode)5, (ap_o_mode)3, 0>& ap_fixed_base<16, 16, true, (ap_q_mode)5, (ap_o_mode)3, 0>::operator=<17, 17, true, (ap_q_mode)5, (ap_o_mode)3, 0>(ap_fixed_base<17, 17, true, (ap_q_mode)5, (ap_o_mode)3, 0> const&)' into 'ap_fixed_base<16, 16, true, (ap_q_mode)5, (ap_o_mode)3, 0>::ap_fixed_base<17, 17, true, (ap_q_mode)5, (ap_o_mode)3, 0>(ap_fixed_base<17, 17, true, (ap_q_mode)5, (ap_o_mode)3, 0> const&)' (C:\scratch\2022.2\hls_product\608\2022.2\src\shared\hls\clib/include/header_files\ap_fixed_base.h:403:5)
INFO: [HLS 214-131] Inlining function 'ap_fixed_base<16, 16, true, (ap_q_mode)5, (ap_o_mode)3, 0>::ap_fixed_base<17, 17, true, (ap_q_mode)5, (ap_o_mode)3, 0>(ap_fixed_base<17, 17, true, (ap_q_mode)5, (ap_o_mode)3, 0> const&)' into 'ap_fixed<16, 16, (ap_q_mode)5, (ap_o_mode)3, 0>::ap_fixed<17, 17, true, (ap_q_mode)5, (ap_o_mode)3, 0>(ap_fixed_base<17, 17, true, (ap_q_mode)5, (ap_o_mode)3, 0> const&)'
INFO: [HLS 214-131] Inlining function 'ap_int_base<16, true>::ap_int_base(int)' into 'ap_fixed_base<16, 16, true, (ap_q_mode)5, (ap_o_mode)3, 0>::to_ap_int_base(bool) const' (C:\scratch\2022.2\hls_product\608\2022.2\src\shared\hls\clib/include/header_files\ap_fixed_base.h:983:57)
INFO: [HLS 214-131] Inlining function 'ap_fixed_base<16, 16, true, (ap_q_mode)5, (ap_o_mode)3, 0>::to_ap_int_base(bool) const' into 'ap_fixed_base<16, 16, true, (ap_q_mode)5, (ap_o_mode)3, 0>::to_int() const' (C:\scratch\2022.2\hls_product\608\2022.2\src\shared\hls\clib/include/header_files\ap_fixed_base.h:1022:89)
INFO: [HLS 214-131] Inlining function 'ap_int_base<16, true>::to_int() const' into 'ap_fixed_base<16, 16, true, (ap_q_mode)5, (ap_o_mode)3, 0>::to_int() const' (C:\scratch\2022.2\hls_product\608\2022.2\src\shared\hls\clib/include/header_files\ap_fixed_base.h:1022:106)
INFO: [HLS 214-131] Inlining function 'ap_fixed_base<16, 16, true, (ap_q_mode)5, (ap_o_mode)3, 0>::to_int() const' into 'ap_fixed_base<16, 16, true, (ap_q_mode)5, (ap_o_mode)3, 0>::operator short() const' (C:\scratch\2022.2\hls_product\608\2022.2\src\shared\hls\clib/include/header_files\ap_fixed_base.h:1193:100)
INFO: [HLS 214-131] Inlining function 'ap_fixed_base<16, 16, true, (ap_q_mode)5, (ap_o_mode)3, 0>::operator short() const' into 'short generic_cast_IEEE754<short, (ap_q_mode)6, float>(float, bool, hls::enable_if<std::numeric_limits<short>::is_signed, bool>::type)' (C:\scratch\2022.2\hls_product\608\2022.2\src\shared\hls\clib/hlsmath/include/FloatingPoint\hls_case_IEEE754.h:61:9)
INFO: [HLS 214-131] Inlining function 'ap_fixed_base<16, 16, false, (ap_q_mode)6, (ap_o_mode)3, 0>::operator-() const' into 'short generic_cast_IEEE754<short, (ap_q_mode)6, float>(float, bool, hls::enable_if<std::numeric_limits<short>::is_signed, bool>::type)' (C:\scratch\2022.2\hls_product\608\2022.2\src\shared\hls\clib/hlsmath/include/FloatingPoint\hls_case_IEEE754.h:59:30)
INFO: [HLS 214-131] Inlining function 'ap_fixed_base<63, 39, false, (ap_q_mode)5, (ap_o_mode)3, 0>::operator<<(int) const' into 'short generic_cast_IEEE754<short, (ap_q_mode)6, float>(float, bool, hls::enable_if<std::numeric_limits<short>::is_signed, bool>::type)' (C:\scratch\2022.2\hls_product\608\2022.2\src\shared\hls\clib/hlsmath/include/FloatingPoint\hls_case_IEEE754.h:18:73)
INFO: [HLS 214-131] Inlining function 'ap_int_base<16, true>::operator long long() const' into 'short generic_cast_IEEE754<short, (ap_q_mode)6, float>(float, bool, hls::enable_if<std::numeric_limits<short>::is_signed, bool>::type)' (C:\scratch\2022.2\hls_product\608\2022.2\src\shared\hls\clib/hlsmath/include/FloatingPoint\hls_case_IEEE754.h:47:17)
INFO: [HLS 214-131] Inlining function 'ap_int_base<16, true>::operator long long() const' into 'short generic_cast_IEEE754<short, (ap_q_mode)6, float>(float, bool, hls::enable_if<std::numeric_limits<short>::is_signed, bool>::type)' (C:\scratch\2022.2\hls_product\608\2022.2\src\shared\hls\clib/hlsmath/include/FloatingPoint\hls_case_IEEE754.h:44:17)
INFO: [HLS 214-131] Inlining function 'bool operator==<8, false>(ap_int_base<8, false> const&, int)' into 'short generic_cast_IEEE754<short, (ap_q_mode)6, float>(float, bool, hls::enable_if<std::numeric_limits<short>::is_signed, bool>::type)' (C:\scratch\2022.2\hls_product\608\2022.2\src\shared\hls\clib/hlsmath/include/FloatingPoint\hls_case_IEEE754.h:42:54)
INFO: [HLS 214-131] Inlining function 'bool operator!=<23, false>(int, ap_int_base<23, false> const&)' into 'short generic_cast_IEEE754<short, (ap_q_mode)6, float>(float, bool, hls::enable_if<std::numeric_limits<short>::is_signed, bool>::type)' (C:\scratch\2022.2\hls_product\608\2022.2\src\shared\hls\clib/hlsmath/include/FloatingPoint\hls_case_IEEE754.h:42:34)
INFO: [HLS 214-131] Inlining function 'bool operator==<1, 16, false, (ap_q_mode)5, (ap_o_mode)0, 0>(int, ap_fixed_base<1, 16, false, (ap_q_mode)5, (ap_o_mode)0, 0> const&)' into 'short generic_cast_IEEE754<short, (ap_q_mode)6, float>(float, bool, hls::enable_if<std::numeric_limits<short>::is_signed, bool>::type)' (C:\scratch\2022.2\hls_product\608\2022.2\src\shared\hls\clib/hlsmath/include/FloatingPoint\hls_case_IEEE754.h:42:12)
INFO: [HLS 214-131] Inlining function 'ap_bit_ref<16, true>::operator=(int)' into 'short generic_cast_IEEE754<short, (ap_q_mode)6, float>(float, bool, hls::enable_if<std::numeric_limits<short>::is_signed, bool>::type)' (C:\scratch\2022.2\hls_product\608\2022.2\src\shared\hls\clib/hlsmath/include/FloatingPoint\hls_case_IEEE754.h:38:24)
INFO: [HLS 214-131] Inlining function 'ap_int_base<16, true>::operator[](int)' into 'short generic_cast_IEEE754<short, (ap_q_mode)6, float>(float, bool, hls::enable_if<std::numeric_limits<short>::is_signed, bool>::type)' (C:\scratch\2022.2\hls_product\608\2022.2\src\shared\hls\clib/hlsmath/include/FloatingPoint\hls_case_IEEE754.h:38:2)
INFO: [HLS 214-131] Inlining function 'ap_bit_ref<16, true>::operator=(int)' into 'short generic_cast_IEEE754<short, (ap_q_mode)6, float>(float, bool, hls::enable_if<std::numeric_limits<short>::is_signed, bool>::type)' (C:\scratch\2022.2\hls_product\608\2022.2\src\shared\hls\clib/hlsmath/include/FloatingPoint\hls_case_IEEE754.h:36:24)
INFO: [HLS 214-131] Inlining function 'ap_int_base<16, true>::operator[](int)' into 'short generic_cast_IEEE754<short, (ap_q_mode)6, float>(float, bool, hls::enable_if<std::numeric_limits<short>::is_signed, bool>::type)' (C:\scratch\2022.2\hls_product\608\2022.2\src\shared\hls\clib/hlsmath/include/FloatingPoint\hls_case_IEEE754.h:36:2)
INFO: [HLS 214-131] Inlining function 'bool operator!=<1, 16, false, (ap_q_mode)5, (ap_o_mode)0, 0>(ap_fixed_base<1, 16, false, (ap_q_mode)5, (ap_o_mode)0, 0> const&, int)' into 'short generic_cast_IEEE754<short, (ap_q_mode)6, float>(float, bool, hls::enable_if<std::numeric_limits<short>::is_signed, bool>::type)' (C:\scratch\2022.2\hls_product\608\2022.2\src\shared\hls\clib/hlsmath/include/FloatingPoint\hls_case_IEEE754.h:32:96)
INFO: [HLS 214-131] Inlining function 'ssdm_int<32, false>::ssdm_int(unsigned int)' into 'ap_int_base<32, false>::ap_int_base(unsigned short)' (C:/Xilinx/Vitis_HLS/2022.2/common/technology/autopilot\ap_int_base.h:213:78)
INFO: [HLS 214-131] Inlining function 'ap_int_base<32, false>::ap_int_base(unsigned short)' into 'ap_range_ref<32, false>::operator=(unsigned short)' (C:/Xilinx/Vitis_HLS/2022.2/common/technology/autopilot\ap_int_ref.h:344:113)
INFO: [HLS 214-131] Inlining function 'ap_int_base<32, false>::operator()(int, int)' into 'pack_int16(short, short)' (C:/VitisProject/Vitis/OFDM/TX/Refer/ref_tx_defs.h:50:5)
INFO: [HLS 214-131] Inlining function 'ap_range_ref<32, false>::operator=(unsigned short)' into 'pack_int16(short, short)' (C:/VitisProject/Vitis/OFDM/TX/Refer/ref_tx_defs.h:51:17)
INFO: [HLS 214-131] Inlining function 'ap_int_base<32, false>::operator()(int, int)' into 'pack_int16(short, short)' (C:/VitisProject/Vitis/OFDM/TX/Refer/ref_tx_defs.h:51:5)
INFO: [HLS 214-131] Inlining function 'ap_range_ref<32, false>::operator=(unsigned short)' into 'pack_int16(short, short)' (C:/VitisProject/Vitis/OFDM/TX/Refer/ref_tx_defs.h:50:16)
INFO: [HLS 214-131] Inlining function 'hls::axis<ap_uint<32>, 0ul, 0ul, 0ul>::get_user_ptr()' into 'hls::stream<hls::axis<ap_uint<32>, 0ul, 0ul, 0ul>, 0>::write(hls::axis<ap_uint<32>, 0ul, 0ul, 0ul> const&)' (C:/Xilinx/Vitis_HLS/2022.2/common/technology/autopilot\ap_axi_sdata.h:258:51)
INFO: [HLS 214-131] Inlining function 'hls::axis<ap_uint<32>, 0ul, 0ul, 0ul>::get_dest_ptr()' into 'hls::stream<hls::axis<ap_uint<32>, 0ul, 0ul, 0ul>, 0>::write(hls::axis<ap_uint<32>, 0ul, 0ul, 0ul> const&)' (C:/Xilinx/Vitis_HLS/2022.2/common/technology/autopilot\ap_axi_sdata.h:261:26)
INFO: [HLS 214-131] Inlining function 'hls::axis<ap_uint<32>, 0ul, 0ul, 0ul>::get_id_ptr()' into 'hls::stream<hls::axis<ap_uint<32>, 0ul, 0ul, 0ul>, 0>::write(hls::axis<ap_uint<32>, 0ul, 0ul, 0ul> const&)' (C:/Xilinx/Vitis_HLS/2022.2/common/technology/autopilot\ap_axi_sdata.h:260:68)
INFO: [HLS 214-131] Inlining function 'hls::axis<ap_uint<32>, 0ul, 0ul, 0ul>::get_user_ptr()' into 'hls::stream<hls::axis<ap_uint<32>, 0ul, 0ul, 0ul>, 0>::write(hls::axis<ap_uint<32>, 0ul, 0ul, 0ul> const&)' (C:/Xilinx/Vitis_HLS/2022.2/common/technology/autopilot\ap_axi_sdata.h:260:37)
INFO: [HLS 214-131] Inlining function 'hls::axis<ap_uint<32>, 0ul, 0ul, 0ul>::get_dest_ptr()' into 'hls::stream<hls::axis<ap_uint<32>, 0ul, 0ul, 0ul>, 0>::write(hls::axis<ap_uint<32>, 0ul, 0ul, 0ul> const&)' (C:/Xilinx/Vitis_HLS/2022.2/common/technology/autopilot\ap_axi_sdata.h:259:40)
INFO: [HLS 214-131] Inlining function 'hls::axis<ap_uint<32>, 0ul, 0ul, 0ul>::get_id_ptr()' into 'hls::stream<hls::axis<ap_uint<32>, 0ul, 0ul, 0ul>, 0>::write(hls::axis<ap_uint<32>, 0ul, 0ul, 0ul> const&)' (C:/Xilinx/Vitis_HLS/2022.2/common/technology/autopilot\ap_axi_sdata.h:259:24)
INFO: [HLS 214-131] Inlining function 'hls::stream<hls::axis<ap_uint<32>, 0ul, 0ul, 0ul>, 0>::write(hls::axis<ap_uint<32>, 0ul, 0ul, 0ul> const&)' into 'reference_signal_tx_packed(hls::stream<hls::axis<ap_uint<32>, 0ul, 0ul, 0ul>, 0>&, hls::stream<hls::axis<ap_uint<32>, 0ul, 0ul, 0ul>, 0>&)' (C:/VitisProject/Vitis/OFDM/TX/Refer/reference_signal_tx_packed.cpp:70:27)
INFO: [HLS 214-131] Inlining function 'hls::stream<hls::axis<ap_uint<32>, 0ul, 0ul, 0ul>, 0>::read()' into 'reference_signal_tx_packed(hls::stream<hls::axis<ap_uint<32>, 0ul, 0ul, 0ul>, 0>&, hls::stream<hls::axis<ap_uint<32>, 0ul, 0ul, 0ul>, 0>&)' (C:/VitisProject/Vitis/OFDM/TX/Refer/reference_signal_tx_packed.cpp:59:50)
INFO: [HLS 214-291] Loop 'anonymous' is marked as complete unroll implied by the pipeline pragma (C:/VitisProject/Vitis/OFDM/TX/Refer/ref_tx_defs.h:45:5)
INFO: [HLS 214-291] Loop 'anonymous' is marked as complete unroll implied by the pipeline pragma (C:/VitisProject/Vitis/OFDM/TX/Refer/ref_tx_defs.h:44:5)
INFO: [HLS 214-186] Unrolling loop 'anonymous' (C:/VitisProject/Vitis/OFDM/TX/Refer/ref_tx_defs.h:45:5) in function 'unpack_complex' completely with a factor of 1 (C:/VitisProject/Vitis/OFDM/TX/Refer/ref_tx_defs.h:41:0)
INFO: [HLS 214-186] Unrolling loop 'anonymous' (C:/VitisProject/Vitis/OFDM/TX/Refer/ref_tx_defs.h:44:5) in function 'unpack_complex' completely with a factor of 1 (C:/VitisProject/Vitis/OFDM/TX/Refer/ref_tx_defs.h:41:0)
INFO: [HLS 214-178] Inlining function 'fp_struct<float>::fp_struct(float)' into 'short generic_cast_IEEE754<short, (ap_q_mode)6, float>(float, bool, hls::enable_if<std::numeric_limits<short>::is_signed, bool>::type)' (C:\scratch\2022.2\hls_product\608\2022.2\src\shared\hls\clib/hlsmath/include/FloatingPoint\hls_case_IEEE754.h:12:0)
INFO: [HLS 214-178] Inlining function 'fp_struct<float>::mantissa() const' into 'short generic_cast_IEEE754<short, (ap_q_mode)6, float>(float, bool, hls::enable_if<std::numeric_limits<short>::is_signed, bool>::type)' (C:\scratch\2022.2\hls_product\608\2022.2\src\shared\hls\clib/hlsmath/include/FloatingPoint\hls_case_IEEE754.h:12:0)
INFO: [HLS 214-178] Inlining function 'fp_struct<float>::expv() const' into 'short generic_cast_IEEE754<short, (ap_q_mode)6, float>(float, bool, hls::enable_if<std::numeric_limits<short>::is_signed, bool>::type)' (C:\scratch\2022.2\hls_product\608\2022.2\src\shared\hls\clib/hlsmath/include/FloatingPoint\hls_case_IEEE754.h:12:0)
INFO: [HLS 214-178] Inlining function 'fp_struct<float>::__signbit() const' into 'short generic_cast_IEEE754<short, (ap_q_mode)6, float>(float, bool, hls::enable_if<std::numeric_limits<short>::is_signed, bool>::type)' (C:\scratch\2022.2\hls_product\608\2022.2\src\shared\hls\clib/hlsmath/include/FloatingPoint\hls_case_IEEE754.h:12:0)
INFO: [HLS 214-178] Inlining function 'short generic_cast_IEEE754<short, (ap_q_mode)6, float>(float, bool, hls::enable_if<std::numeric_limits<short>::is_signed, bool>::type)' into 'short generic_cast_IEEE754<short, float>(float, bool)' (C:\scratch\2022.2\hls_product\608\2022.2\src\shared\hls\clib/hlsmath/include/FloatingPoint\hls_case_IEEE754.h:116:0)
INFO: [HLS 214-178] Inlining function 'short generic_cast_IEEE754<short, float>(float, bool)' into '__hls_fptosi_float_i16' (C:\scratch\2022.2\hls_product\608\2022.2\src\shared\hls\clib\hlsmath\src\lib_floatconversion.cpp:50:0)
INFO: [HLS 214-178] Inlining function 'unpack_complex(ap_uint<32>, half&, half&)' into 'reference_signal_tx_packed(hls::stream<hls::axis<ap_uint<32>, 0ul, 0ul, 0ul>, 0>&, hls::stream<hls::axis<ap_uint<32>, 0ul, 0ul, 0ul>, 0>&)' (C:/VitisProject/Vitis/OFDM/TX/Refer/reference_signal_tx_packed.cpp:9:0)
INFO: [HLS 214-178] Inlining function '__hls_fptosi_float_i16' into 'reference_signal_tx_packed(hls::stream<hls::axis<ap_uint<32>, 0ul, 0ul, 0ul>, 0>&, hls::stream<hls::axis<ap_uint<32>, 0ul, 0ul, 0ul>, 0>&)' (C:/VitisProject/Vitis/OFDM/TX/Refer/reference_signal_tx_packed.cpp:9:0)
INFO: [HLS 214-178] Inlining function 'pack_int16(short, short)' into 'reference_signal_tx_packed(hls::stream<hls::axis<ap_uint<32>, 0ul, 0ul, 0ul>, 0>&, hls::stream<hls::axis<ap_uint<32>, 0ul, 0ul, 0ul>, 0>&)' (C:/VitisProject/Vitis/OFDM/TX/Refer/reference_signal_tx_packed.cpp:9:0)
INFO: [HLS 200-111] Finished Compiling Optimization and Transform: CPU user time: 0 seconds. CPU system time: 0 seconds. Elapsed time: 3.959 seconds; current allocated memory: 681.859 MB.
INFO: [HLS 200-111] Finished Checking Pragmas: CPU user time: 0 seconds. CPU system time: 0 seconds. Elapsed time: 0.001 seconds; current allocated memory: 682.078 MB.
INFO: [HLS 200-10] Starting code transformations ...
INFO: [HLS 200-111] Finished Standard Transforms: CPU user time: 0 seconds. CPU system time: 0 seconds. Elapsed time: 0.083 seconds; current allocated memory: 711.621 MB.
INFO: [HLS 200-10] Checking synthesizability ...
INFO: [HLS 200-111] Finished Checking Synthesizability: CPU user time: 1 seconds. CPU system time: 0 seconds. Elapsed time: 0.2 seconds; current allocated memory: 746.719 MB.
INFO: [HLS 200-111] Finished Loop, function and other optimizations: CPU user time: 0 seconds. CPU system time: 0 seconds. Elapsed time: 0.239 seconds; current allocated memory: 798.668 MB.
WARNING: [XFORM 203-561] 'VITIS_LOOP_20_1' (C:/VitisProject/Vitis/OFDM/TX/Refer/reference_signal_tx_packed.cpp:24:18) in function 'reference_signal_tx_packed' is an infinite loop.
WARNING: [HLS 200-960] Cannot flatten loop 'VITIS_LOOP_20_1' (C:/VitisProject/Vitis/OFDM/TX/Refer/reference_signal_tx_packed.cpp:24:18) in function 'reference_signal_tx_packed' the outer loop is not a perfect loop because there is nontrivial logic in the loop header.
Resolution: For help on HLS 200-960 see www.xilinx.com/cgi-bin/docs/rdoc?v=2022.2;t=hls+guidance;d=200-960.html
INFO: [HLS 200-111] Finished Architecture Synthesis: CPU user time: 0 seconds. CPU system time: 0 seconds. Elapsed time: 0.154 seconds; current allocated memory: 817.250 MB.
INFO: [HLS 200-10] Starting hardware synthesis ...
INFO: [HLS 200-10] Synthesizing 'reference_signal_tx_packed' ...
INFO: [HLS 200-10] ----------------------------------------------------------------
INFO: [HLS 200-42] -- Implementing module 'reference_signal_tx_packed_Pipeline_Loop_Packed_Frame' 
INFO: [HLS 200-10] ----------------------------------------------------------------
INFO: [SCHED 204-11] Starting scheduling ...
INFO: [HLS 200-486] Changing DSP latency (root=mul_ln47) to 3 in order to utilize available DSP registers.
INFO: [SCHED 204-61] Pipelining loop 'Loop_Packed_Frame'.
INFO: [HLS 200-1470] Pipelining result : Target II = 1, Final II = 1, Depth = 8, loop 'Loop_Packed_Frame'
INFO: [SCHED 204-11] Finished scheduling.
INFO: [HLS 200-111] Finished Scheduling: CPU user time: 0 seconds. CPU system time: 0 seconds. Elapsed time: 0.158 seconds; current allocated memory: 821.152 MB.
INFO: [BIND 205-100] Starting micro-architecture generation ...
INFO: [BIND 205-101] Performing variable lifetime analysis.
INFO: [BIND 205-101] Exploring resource sharing.
INFO: [BIND 205-101] Binding ...
INFO: [BIND 205-100] Finished micro-architecture generation.
INFO: [HLS 200-111] Finished Binding: CPU user time: 0 seconds. CPU system time: 0 seconds. Elapsed time: 0.092 seconds; current allocated memory: 822.340 MB.
INFO: [HLS 200-10] ----------------------------------------------------------------
INFO: [HLS 200-42] -- Implementing module 'reference_signal_tx_packed' 
INFO: [HLS 200-10] ----------------------------------------------------------------
INFO: [SCHED 204-11] Starting scheduling ...
INFO: [SCHED 204-11] Finished scheduling.
INFO: [HLS 200-111] Finished Scheduling: CPU user time: 0 seconds. CPU system time: 0 seconds. Elapsed time: 0.1 seconds; current allocated memory: 822.426 MB.
INFO: [BIND 205-100] Starting micro-architecture generation ...
INFO: [BIND 205-101] Performing variable lifetime analysis.
INFO: [BIND 205-101] Exploring resource sharing.
INFO: [BIND 205-101] Binding ...
INFO: [BIND 205-100] Finished micro-architecture generation.
INFO: [HLS 200-111] Finished Binding: CPU user time: 0 seconds. CPU system time: 0 seconds. Elapsed time: 0.042 seconds; current allocated memory: 822.609 MB.
INFO: [HLS 200-10] ----------------------------------------------------------------
INFO: [HLS 200-10] -- Generating RTL for module 'reference_signal_tx_packed_Pipeline_Loop_Packed_Frame' 
INFO: [HLS 200-10] ----------------------------------------------------------------
INFO: [HLS 200-1030] Apply Unified Pipeline Control on module 'reference_signal_tx_packed_Pipeline_Loop_Packed_Frame' pipeline 'Loop_Packed_Frame' pipeline type 'loop pipeline'
INFO: [RTGEN 206-100] Generating core module 'fmul_32ns_32ns_32_2_max_dsp_1': 2 instance(s).
INFO: [RTGEN 206-100] Generating core module 'hptosp_16ns_32_1_no_dsp_1': 2 instance(s).
INFO: [RTGEN 206-100] Generating core module 'mul_mul_11ns_12ns_23_4_1': 1 instance(s).
INFO: [RTGEN 206-100] Finished creating RTL model for 'reference_signal_tx_packed_Pipeline_Loop_Packed_Frame'.
INFO: [RTMG 210-279] Implementing memory 'reference_signal_tx_packed_reference_signal_tx_packed_Pipeline_Loop_Packed_Frame_PILOT_ROM_ROM_AUTO_1R' using auto ROMs.
INFO: [HLS 200-111] Finished Creating RTL model: CPU user time: 0 seconds. CPU system time: 0 seconds. Elapsed time: 0.11 seconds; current allocated memory: 825.746 MB.
INFO: [HLS 200-10] ----------------------------------------------------------------
INFO: [HLS 200-10] -- Generating RTL for module 'reference_signal_tx_packed' 
INFO: [HLS 200-10] ----------------------------------------------------------------
WARNING: [RTGEN 206-101] Design contains AXI ports. Reset is fixed to synchronous and active low.
INFO: [RTGEN 206-500] Setting interface mode on port 'reference_signal_tx_packed/input_stream_V_data_V' to 'axis' (register, both mode).
INFO: [RTGEN 206-500] Setting interface mode on port 'reference_signal_tx_packed/input_stream_V_keep_V' to 'axis' (register, both mode).
INFO: [RTGEN 206-500] Setting interface mode on port 'reference_signal_tx_packed/input_stream_V_strb_V' to 'axis' (register, both mode).
INFO: [RTGEN 206-500] Setting interface mode on port 'reference_signal_tx_packed/input_stream_V_last_V' to 'axis' (register, both mode).
INFO: [RTGEN 206-500] Setting interface mode on port 'reference_signal_tx_packed/output_stream_V_data_V' to 'axis' (register, both mode).
INFO: [RTGEN 206-500] Setting interface mode on port 'reference_signal_tx_packed/output_stream_V_keep_V' to 'axis' (register, both mode).
INFO: [RTGEN 206-500] Setting interface mode on port 'reference_signal_tx_packed/output_stream_V_strb_V' to 'axis' (register, both mode).
INFO: [RTGEN 206-500] Setting interface mode on port 'reference_signal_tx_packed/output_stream_V_last_V' to 'axis' (register, both mode).
INFO: [RTGEN 206-500] Setting interface mode on function 'reference_signal_tx_packed' to 'ap_ctrl_none'.
INFO: [RTGEN 206-100] Finished creating RTL model for 'reference_signal_tx_packed'.
INFO: [HLS 200-111] Finished Creating RTL model: CPU user time: 1 seconds. CPU system time: 0 seconds. Elapsed time: 0.414 seconds; current allocated memory: 828.355 MB.
INFO: [HLS 200-111] Finished Generating all RTL models: CPU user time: 0 seconds. CPU system time: 0 seconds. Elapsed time: 0.435 seconds; current allocated memory: 831.270 MB.
INFO: [HLS 200-111] Finished Updating report files: CPU user time: 0 seconds. CPU system time: 0 seconds. Elapsed time: 0.421 seconds; current allocated memory: 831.988 MB.
INFO: [VHDL 208-304] Generating VHDL RTL for reference_signal_tx_packed.
INFO: [VLOG 209-307] Generating Verilog RTL for reference_signal_tx_packed.
INFO: [HLS 200-790] **** Loop Constraint Status: All loop constraints were satisfied.
INFO: [HLS 200-789] **** Estimated Fmax: 118.78 MHz
INFO: [HLS 200-111] Finished Command csynth_design CPU user time: 3 seconds. CPU system time: 0 seconds. Elapsed time: 9.303 seconds; current allocated memory: 157.848 MB.
<<< synthesis done

>>> Co-Simulation
INFO: [HLS 200-1510] Running: cosim_design -O -rtl verilog 
INFO: [COSIM 212-47] Using XSIM for RTL simulation.
INFO: [COSIM 212-14] Instrumenting C test bench ...
   Build using "C:/Xilinx/Vitis_HLS/2022.2/tps/win64/msys64/mingw64/bin/g++"
   Compiling apatb_reference_signal_tx_packed_util.cpp
   Compiling tb_reference_signal_tx_packed.cpp_pre.cpp.tb.cpp
   Compiling reference_signal_tx_packed.cpp_pre.cpp.tb.cpp
   Compiling apatb_reference_signal_tx_packed.cpp
   Compiling apatb_reference_signal_tx_packed_ir.ll
   Generating cosim.tv.exe
INFO: [COSIM 212-302] Starting C TB testing ... 

==================================================================================
Index   Type           Output (Fixed Int16)     Restored Float (I, Q)         
==================================================================================
0       Guard Band     (0    , 0    )  ==>  (0, 0)
71      Guard Band     (0    , 0    )  ==>  (0, 0)  <-- End of Left Guard
72      PILOT          (-2730, 0    )  ==>  (-1.33301, 0)
73      Data Tone      (2274 , 4548 )  ==>  (1.11035, 2.2207)
74      Data Tone      (2274 , 4548 )  ==>  (1.11035, 2.2207)
79      PILOT          (-2730, 0    )  ==>  (-1.33301, 0)
86      PILOT          (2730 , 0    )  ==>  (1.33301, 0)
93      PILOT          (-2730, 0    )  ==>  (-1.33301, 0)
...... (Skipping middle parts) ......
1977    Guard Band     (0    , 0    )  ==>  (0, 0)  <-- Start of Right Guard
2047    Guard Band     (0    , 0    )  ==>  (0, 0)
==================================================================================
Total Data Tones processed: 1632 (Expected: 1632)
>>> C-SIM SUCCESS: Stream is empty and fixed-point conversion is perfectly verified!
INFO [HLS SIM]: The maximum depth reached by any hls::stream() instance in the design is 2048
INFO: [COSIM 212-333] Generating C post check test bench ...
INFO: [COSIM 212-12] Generating RTL test bench ...

****** Vivado v2022.2 (64-bit)
  **** SW Build 3671981 on Fri Oct 14 05:00:03 MDT 2022
  **** IP Build 3669848 on Fri Oct 14 08:30:02 MDT 2022
    ** Copyright 1986-2022 Xilinx, Inc. All Rights Reserved.

source run_vivado_gen_ip.tcl -notrace
INFO: [IP_Flow 19-234] Refreshing IP repositories
INFO: [IP_Flow 19-1704] No user IP repositories specified
INFO: [IP_Flow 19-2313] Loaded Vivado IP repository 'C:/Xilinx/Vivado/2022.2/data/ip'.
WARNING: [IP_Flow 19-4832] The IP name 'reference_signal_tx_packed_fmul_32ns_32ns_32_2_max_dsp_1_ip' you have specified is long. The Windows operating system has path length limitations. It is recommended you use shorter names to reduce the likelihood of issues.
INFO: [IP_Flow 19-1686] Generating 'Synthesis' target for IP 'reference_signal_tx_packed_fmul_32ns_32ns_32_2_max_dsp_1_ip'...
INFO: [IP_Flow 19-1686] Generating 'Simulation' target for IP 'reference_signal_tx_packed_fmul_32ns_32ns_32_2_max_dsp_1_ip'...
WARNING: [IP_Flow 19-4832] The IP name 'reference_signal_tx_packed_hptosp_16ns_32_1_no_dsp_1_ip' you have specified is long. The Windows operating system has path length limitations. It is recommended you use shorter names to reduce the likelihood of issues.
INFO: [IP_Flow 19-1686] Generating 'Synthesis' target for IP 'reference_signal_tx_packed_hptosp_16ns_32_1_no_dsp_1_ip'...
INFO: [IP_Flow 19-1686] Generating 'Simulation' target for IP 'reference_signal_tx_packed_hptosp_16ns_32_1_no_dsp_1_ip'...
INFO: [Common 17-206] Exiting Vivado at Thu Apr  9 19:40:56 2026...
INFO: [COSIM 212-1] *** C/RTL co-simulation file generation completed. ***
INFO: [COSIM 212-323] Starting verilog simulation. 
INFO: [COSIM 212-15] Starting XSIM ...

C:\VitisProject\Vitis\OFDM\TX\Refer\ref_tx\solution1\sim\verilog>set PATH= 

C:\VitisProject\Vitis\OFDM\TX\Refer\ref_tx\solution1\sim\verilog>call C:/Xilinx/Vivado/2022.2/bin/xelab xil_defaultlib.apatb_reference_signal_tx_packed_top glbl -Oenable_linking_all_libraries  -prj reference_signal_tx_packed.prj -L smartconnect_v1_0 -L axi_protocol_checker_v1_1_12 -L axi_protocol_checker_v1_1_13 -L axis_protocol_checker_v1_1_11 -L axis_protocol_checker_v1_1_12 -L xil_defaultlib -L unisims_ver -L xpm  -L floating_point_v7_0_20 -L floating_point_v7_1_15 --lib "ieee_proposed=./ieee_proposed" -s reference_signal_tx_packed  
Vivado Simulator v2022.2
Copyright 1986-1999, 2001-2022 Xilinx, Inc. All Rights Reserved.
Running: C:/Xilinx/Vivado/2022.2/bin/unwrapped/win64.o/xelab.exe xil_defaultlib.apatb_reference_signal_tx_packed_top glbl -Oenable_linking_all_libraries -prj reference_signal_tx_packed.prj -L smartconnect_v1_0 -L axi_protocol_checker_v1_1_12 -L axi_protocol_checker_v1_1_13 -L axis_protocol_checker_v1_1_11 -L axis_protocol_checker_v1_1_12 -L xil_defaultlib -L unisims_ver -L xpm -L floating_point_v7_0_20 -L floating_point_v7_1_15 --lib ieee_proposed=./ieee_proposed -s reference_signal_tx_packed 
Multi-threading is on. Using 14 slave threads.
INFO: [VRFC 10-2263] Analyzing SystemVerilog file "C:/VitisProject/Vitis/OFDM/TX/Refer/ref_tx/solution1/sim/verilog/ip/xil_defaultlib/reference_signal_tx_packed_fmul_32ns_32ns_32_2_max_dsp_1_ip.v" into library xil_defaultlib
INFO: [VRFC 10-311] analyzing module reference_signal_tx_packed_fmul_32ns_32ns_32_2_max_dsp_1_ip
INFO: [VRFC 10-2263] Analyzing SystemVerilog file "C:/VitisProject/Vitis/OFDM/TX/Refer/ref_tx/solution1/sim/verilog/ip/xil_defaultlib/reference_signal_tx_packed_hptosp_16ns_32_1_no_dsp_1_ip.v" into library xil_defaultlib
INFO: [VRFC 10-311] analyzing module reference_signal_tx_packed_hptosp_16ns_32_1_no_dsp_1_ip
INFO: [VRFC 10-2263] Analyzing SystemVerilog file "C:/VitisProject/Vitis/OFDM/TX/Refer/ref_tx/solution1/sim/verilog/glbl.v" into library work
INFO: [VRFC 10-311] analyzing module glbl
INFO: [VRFC 10-2263] Analyzing SystemVerilog file "C:/VitisProject/Vitis/OFDM/TX/Refer/ref_tx/solution1/sim/verilog/AESL_axi_s_input_stream.v" into library xil_defaultlib
INFO: [VRFC 10-311] analyzing module AESL_axi_s_input_stream
INFO: [VRFC 10-2263] Analyzing SystemVerilog file "C:/VitisProject/Vitis/OFDM/TX/Refer/ref_tx/solution1/sim/verilog/AESL_axi_s_output_stream.v" into library xil_defaultlib
INFO: [VRFC 10-311] analyzing module AESL_axi_s_output_stream
INFO: [VRFC 10-2263] Analyzing SystemVerilog file "C:/VitisProject/Vitis/OFDM/TX/Refer/ref_tx/solution1/sim/verilog/AESL_deadlock_idx0_monitor.v" into library xil_defaultlib
INFO: [VRFC 10-311] analyzing module AESL_deadlock_idx0_monitor
INFO: [VRFC 10-2263] Analyzing SystemVerilog file "C:/VitisProject/Vitis/OFDM/TX/Refer/ref_tx/solution1/sim/verilog/AESL_deadlock_idx1_monitor.v" into library xil_defaultlib
INFO: [VRFC 10-311] analyzing module AESL_deadlock_idx1_monitor
INFO: [VRFC 10-2263] Analyzing SystemVerilog file "C:/VitisProject/Vitis/OFDM/TX/Refer/ref_tx/solution1/sim/verilog/AESL_deadlock_kernel_monitor_top.v" into library xil_defaultlib
INFO: [VRFC 10-311] analyzing module AESL_deadlock_kernel_monitor_top
INFO: [VRFC 10-2263] Analyzing SystemVerilog file "C:/VitisProject/Vitis/OFDM/TX/Refer/ref_tx/solution1/sim/verilog/AESL_fifo.v" into library xil_defaultlib
INFO: [VRFC 10-311] analyzing module fifo
INFO: [VRFC 10-2263] Analyzing SystemVerilog file "C:/VitisProject/Vitis/OFDM/TX/Refer/ref_tx/solution1/sim/verilog/reference_signal_tx_packed.autotb.v" into library xil_defaultlib
INFO: [VRFC 10-311] analyzing module apatb_reference_signal_tx_packed_top
INFO: [VRFC 10-2263] Analyzing SystemVerilog file "C:/VitisProject/Vitis/OFDM/TX/Refer/ref_tx/solution1/sim/verilog/reference_signal_tx_packed.v" into library xil_defaultlib
INFO: [VRFC 10-311] analyzing module reference_signal_tx_packed
INFO: [VRFC 10-2263] Analyzing SystemVerilog file "C:/VitisProject/Vitis/OFDM/TX/Refer/ref_tx/solution1/sim/verilog/reference_signal_tx_packed_flow_control_loop_pipe_sequential_init.v" into library xil_defaultlib
INFO: [VRFC 10-311] analyzing module reference_signal_tx_packed_flow_control_loop_pipe_sequential_init
INFO: [VRFC 10-2263] Analyzing SystemVerilog file "C:/VitisProject/Vitis/OFDM/TX/Refer/ref_tx/solution1/sim/verilog/reference_signal_tx_packed_fmul_32ns_32ns_32_2_max_dsp_1.v" into library xil_defaultlib
INFO: [VRFC 10-311] analyzing module reference_signal_tx_packed_fmul_32ns_32ns_32_2_max_dsp_1
INFO: [VRFC 10-2263] Analyzing SystemVerilog file "C:/VitisProject/Vitis/OFDM/TX/Refer/ref_tx/solution1/sim/verilog/reference_signal_tx_packed_hptosp_16ns_32_1_no_dsp_1.v" into library xil_defaultlib
INFO: [VRFC 10-311] analyzing module reference_signal_tx_packed_hptosp_16ns_32_1_no_dsp_1
INFO: [VRFC 10-2263] Analyzing SystemVerilog file "C:/VitisProject/Vitis/OFDM/TX/Refer/ref_tx/solution1/sim/verilog/reference_signal_tx_packed_mul_mul_11ns_12ns_23_4_1.v" into library xil_defaultlib
INFO: [VRFC 10-311] analyzing module reference_signal_tx_packed_mul_mul_11ns_12ns_23_4_1_DSP48_0
INFO: [VRFC 10-311] analyzing module reference_signal_tx_packed_mul_mul_11ns_12ns_23_4_1
INFO: [VRFC 10-2263] Analyzing SystemVerilog file "C:/VitisProject/Vitis/OFDM/TX/Refer/ref_tx/solution1/sim/verilog/reference_signal_tx_packed_reference_signal_tx_packed_Pipeline_Loop_Packed_Frame.v" into library xil_defaultlib
INFO: [VRFC 10-311] analyzing module reference_signal_tx_packed_reference_signal_tx_packed_Pipeline_Loop_Packed_Frame
INFO: [VRFC 10-2263] Analyzing SystemVerilog file "C:/VitisProject/Vitis/OFDM/TX/Refer/ref_tx/solution1/sim/verilog/reference_signal_tx_packed_reference_signal_tx_packed_Pipeline_Loop_Packed_Frame_PILOT_ROM_ROM_AUTO_1R.v" into library xil_defaultlib
INFO: [VRFC 10-311] analyzing module reference_signal_tx_packed_reference_signal_tx_packed_Pipeline_Loop_Packed_Frame_PILOT_ROM_ROM_AUTO_1R
INFO: [VRFC 10-2263] Analyzing SystemVerilog file "C:/VitisProject/Vitis/OFDM/TX/Refer/ref_tx/solution1/sim/verilog/reference_signal_tx_packed_regslice_both.v" into library xil_defaultlib
INFO: [VRFC 10-311] analyzing module reference_signal_tx_packed_regslice_both
INFO: [VRFC 10-311] analyzing module reference_signal_tx_packed_regslice_both_w1
INFO: [VRFC 10-2263] Analyzing SystemVerilog file "C:/VitisProject/Vitis/OFDM/TX/Refer/ref_tx/solution1/sim/verilog/dataflow_monitor.sv" into library xil_defaultlib
INFO: [VRFC 10-311] analyzing module dataflow_monitor
Starting static elaboration
Pass Through NonSizing Optimizer
WARNING: [VRFC 10-3091] actual bit length 33 differs from formal bit length 32 for port 'm_axis_result_tdata' [C:/VitisProject/Vitis/OFDM/TX/Refer/ref_tx/solution1/sim/verilog/reference_signal_tx_packed_hptosp_16ns_32_1_no_dsp_1.v:29]
WARNING: [VRFC 10-3645] port 'axis_block_info' remains unconnected for this instance [C:/VitisProject/Vitis/OFDM/TX/Refer/ref_tx/solution1/sim/verilog/AESL_deadlock_kernel_monitor_top.v:20]
Completed static elaboration
Starting simulation data flow analysis
Completed simulation data flow analysis
Time Resolution for simulation is 1ps
Compiling package std.standard
Compiling package std.textio
Compiling package ieee.std_logic_1164
Compiling package floating_point_v7_1_15.floating_point_v7_1_15_viv_comp
Compiling package ieee.numeric_std
Compiling package xbip_utils_v3_0_10.xbip_utils_v3_0_10_pkg
Compiling package axi_utils_v2_0_6.axi_utils_v2_0_6_pkg
Compiling package floating_point_v7_1_15.floating_point_v7_1_15_consts
Compiling package ieee.math_real
Compiling package floating_point_v7_1_15.floating_point_v7_1_15_exp_table...
Compiling package mult_gen_v12_0_18.mult_gen_v12_0_18_pkg
Compiling package ieee.std_logic_arith
Compiling package ieee.std_logic_signed
Compiling package floating_point_v7_1_15.floating_point_v7_1_15_pkg
Compiling package floating_point_v7_1_15.flt_utils
Compiling package unisim.vcomponents
Compiling package xbip_pipe_v3_0_6.xbip_pipe_v3_0_6_viv_comp
Compiling package ieee.vital_timing
Compiling package ieee.vital_primitives
Compiling package unisim.vpkg
Compiling package xil_defaultlib.$unit_dataflow_monitor_sv
Compiling module xil_defaultlib.reference_signal_tx_packed_refer...
Compiling architecture dsp48e1_v of entity unisim.DSP48E1 [\DSP48E1(acascreg=0,adreg=0,alum...]
Compiling architecture synth of entity xbip_pipe_v3_0_6.xbip_pipe_v3_0_6_viv [\xbip_pipe_v3_0_6_viv(c_has_ce=1...]
Compiling architecture rtl of entity floating_point_v7_1_15.delay [\delay(width=7,length=0)\]
Compiling architecture synth of entity xbip_pipe_v3_0_6.xbip_pipe_v3_0_6_viv [\xbip_pipe_v3_0_6_viv(c_has_ce=1...]
Compiling architecture rtl of entity floating_point_v7_1_15.delay [\delay(width=4,length=0)\]
Compiling architecture synth of entity xbip_pipe_v3_0_6.xbip_pipe_v3_0_6_viv [\xbip_pipe_v3_0_6_viv(c_has_ce=1...]
Compiling architecture rtl of entity floating_point_v7_1_15.delay [\delay(length=0)\]
Compiling architecture synth of entity xbip_pipe_v3_0_6.xbip_pipe_v3_0_6_viv [\xbip_pipe_v3_0_6_viv(c_has_ce=1...]
Compiling architecture rtl of entity floating_point_v7_1_15.delay [\delay(width=16,length=0)\]
Compiling architecture synth of entity xbip_pipe_v3_0_6.xbip_pipe_v3_0_6_viv [\xbip_pipe_v3_0_6_viv(c_has_ce=1...]
Compiling architecture rtl of entity floating_point_v7_1_15.delay [\delay(width=24,length=0)\]
Compiling architecture synth of entity xbip_pipe_v3_0_6.xbip_pipe_v3_0_6_viv [\xbip_pipe_v3_0_6_viv(c_has_ce=1...]
Compiling architecture rtl of entity floating_point_v7_1_15.delay [\delay(width=17,length=0)\]
Compiling architecture synth of entity xbip_pipe_v3_0_6.xbip_pipe_v3_0_6_viv [\xbip_pipe_v3_0_6_viv(c_has_ce=1...]
Compiling architecture rtl of entity floating_point_v7_1_15.delay [\delay(width=25,length=0)\]
Compiling architecture rtl of entity floating_point_v7_1_15.dsp48e1_wrapper [\dsp48e1_wrapper(a_width=24,b_wi...]
Compiling architecture dsp48e1_v of entity unisim.DSP48E1 [\DSP48E1(acascreg=0,adreg=0,alum...]
Compiling architecture synth of entity xbip_pipe_v3_0_6.xbip_pipe_v3_0_6_viv [\xbip_pipe_v3_0_6_viv(c_has_ce=1...]
Compiling architecture rtl of entity floating_point_v7_1_15.delay [\delay(width=48,length=0)\]
Compiling architecture rtl of entity floating_point_v7_1_15.dsp48e1_wrapper [\dsp48e1_wrapper(a_width=24,b_wi...]
Compiling architecture struct of entity floating_point_v7_1_15.fix_mult_dsp48e1_sgl [\fix_mult_dsp48e1_sgl(registers=...]
Compiling architecture rtl of entity floating_point_v7_1_15.fix_mult [\fix_mult(c_xdevicefamily="zynqu...]
Compiling architecture muxcy_v of entity unisim.MUXCY [muxcy_default]
Compiling architecture xorcy_v of entity unisim.XORCY [xorcy_default]
Compiling architecture synth of entity xbip_pipe_v3_0_6.xbip_pipe_v3_0_6_viv [\xbip_pipe_v3_0_6_viv(c_has_ce=1...]
Compiling architecture rtl of entity floating_point_v7_1_15.delay [\delay(width=8,length=0,fast_inp...]
Compiling architecture struct of entity floating_point_v7_1_15.carry_chain [\carry_chain(c_xdevicefamily="zy...]
Compiling architecture synth of entity xbip_pipe_v3_0_6.xbip_pipe_v3_0_6_viv [\xbip_pipe_v3_0_6_viv(c_has_ce=1...]
Compiling architecture rtl of entity floating_point_v7_1_15.delay [\delay(width=32,length=0)\]
Compiling architecture struct of entity floating_point_v7_1_15.carry_chain [\carry_chain(c_xdevicefamily="zy...]
Compiling architecture synth of entity floating_point_v7_1_15.compare_eq_im [\compare_eq_im(c_xdevicefamily="...]
Compiling architecture rtl of entity floating_point_v7_1_15.delay [\delay(length=0,fast_input=true)...]
Compiling architecture rtl of entity floating_point_v7_1_15.special_detect [\special_detect(c_xdevicefamily=...]
Compiling architecture synth of entity xbip_pipe_v3_0_6.xbip_pipe_v3_0_6_viv [\xbip_pipe_v3_0_6_viv(c_has_ce=1...]
Compiling architecture rtl of entity floating_point_v7_1_15.delay [\delay(width=2,length=0,fast_inp...]
Compiling architecture synth of entity xbip_pipe_v3_0_6.xbip_pipe_v3_0_6_viv [\xbip_pipe_v3_0_6_viv(c_has_ce=1...]
Compiling architecture rtl of entity floating_point_v7_1_15.delay [\delay(width=4,length=0,fast_inp...]
Compiling architecture synth of entity xbip_pipe_v3_0_6.xbip_pipe_v3_0_6_viv [\xbip_pipe_v3_0_6_viv(c_has_ce=1...]
Compiling architecture rtl of entity floating_point_v7_1_15.delay [\delay(width=8,length=0)\]
Compiling architecture synth of entity xbip_pipe_v3_0_6.xbip_pipe_v3_0_6_viv [\xbip_pipe_v3_0_6_viv(c_has_ce=1...]
Compiling architecture rtl of entity floating_point_v7_1_15.delay [\delay(width=3,length=0,fast_inp...]
Compiling architecture synth of entity xbip_pipe_v3_0_6.xbip_pipe_v3_0_6_viv [\xbip_pipe_v3_0_6_viv(c_has_ce=1...]
Compiling architecture rtl of entity floating_point_v7_1_15.delay [\delay(width=14,length=0)\]
Compiling architecture rtl of entity floating_point_v7_1_15.flt_mult_exp [\flt_mult_exp(c_xdevicefamily="z...]
Compiling architecture dsp48e1_v of entity unisim.DSP48E1 [\DSP48E1(acascreg=0,adreg=0,alum...]
Compiling architecture synth of entity xbip_pipe_v3_0_6.xbip_pipe_v3_0_6_viv [\xbip_pipe_v3_0_6_viv(c_has_ce=1...]
Compiling architecture rtl of entity floating_point_v7_1_15.delay [\delay(width=30,length=0)\]
Compiling architecture synth of entity xbip_pipe_v3_0_6.xbip_pipe_v3_0_6_viv [\xbip_pipe_v3_0_6_viv(c_has_ce=1...]
Compiling architecture rtl of entity floating_point_v7_1_15.delay [\delay(width=18,length=0)\]
Compiling architecture rtl of entity floating_point_v7_1_15.dsp48e1_wrapper [\dsp48e1_wrapper(a_width=30,b_wi...]
Compiling architecture struct of entity floating_point_v7_1_15.flt_round_dsp_opt_full [\flt_round_dsp_opt_full(c_xdevic...]
Compiling architecture rtl of entity floating_point_v7_1_15.flt_mult_round [\flt_mult_round(c_xdevicefamily=...]
Compiling architecture synth of entity floating_point_v7_1_15.flt_dec_op_lat [\flt_dec_op_lat(c_xdevicefamily=...]
Compiling architecture rtl of entity floating_point_v7_1_15.flt_mult [\flt_mult(c_xdevicefamily="zynqu...]
Compiling module unisims_ver.x_lut1_mux2
Compiling module unisims_ver.LUT1
Compiling architecture synth of entity xbip_pipe_v3_0_6.xbip_pipe_v3_0_6_viv [\xbip_pipe_v3_0_6_viv(c_has_ce=1...]
Compiling architecture xilinx of entity floating_point_v7_1_15.floating_point_v7_1_15_viv [\floating_point_v7_1_15_viv(c_xd...]
Compiling architecture xilinx of entity floating_point_v7_1_15.floating_point_v7_1_15 [\floating_point_v7_1_15(c_xdevic...]
Compiling module xil_defaultlib.reference_signal_tx_packed_fmul_...
Compiling module xil_defaultlib.reference_signal_tx_packed_fmul_...
Compiling architecture synth of entity xbip_pipe_v3_0_6.xbip_pipe_v3_0_6_viv [\xbip_pipe_v3_0_6_viv(c_has_ce=1...]
Compiling architecture rtl of entity floating_point_v7_1_15.delay [\delay(width=10,length=0)\]
Compiling architecture synth of entity xbip_pipe_v3_0_6.xbip_pipe_v3_0_6_viv [\xbip_pipe_v3_0_6_viv(c_has_ce=1...]
Compiling architecture rtl of entity floating_point_v7_1_15.delay [\delay(width=5,length=0)\]
Compiling architecture synth of entity xbip_pipe_v3_0_6.xbip_pipe_v3_0_6_viv [\xbip_pipe_v3_0_6_viv(c_has_ce=1...]
Compiling architecture rtl of entity floating_point_v7_1_15.delay [\delay(width=2,length=0)\]
Compiling architecture struct of entity floating_point_v7_1_15.carry_chain [\carry_chain(c_xdevicefamily="ki...]
Compiling architecture synth of entity floating_point_v7_1_15.compare_eq_im [\compare_eq_im(c_xdevicefamily="...]
Compiling architecture rtl of entity floating_point_v7_1_15.special_detect [\special_detect(a_w=16,a_fw=11,o...]
Compiling architecture rtl of entity floating_point_v7_1_15.flt_to_flt_conv_exp [\flt_to_flt_conv_exp(a_w=16,a_ew...]
Compiling architecture synth of entity floating_point_v7_1_15.flt_dec_op [\flt_dec_op(c_xdevicefamily="zyn...]
Compiling architecture rtl of entity floating_point_v7_1_15.flt_to_flt_conv [\flt_to_flt_conv(c_xdevicefamily...]
Compiling architecture xilinx of entity floating_point_v7_1_15.floating_point_v7_1_15_viv [\floating_point_v7_1_15_viv(c_xd...]
Compiling architecture xilinx of entity floating_point_v7_1_15.floating_point_v7_1_15 [\floating_point_v7_1_15(c_xdevic...]
Compiling module xil_defaultlib.reference_signal_tx_packed_hptos...
Compiling module xil_defaultlib.reference_signal_tx_packed_hptos...
Compiling module xil_defaultlib.reference_signal_tx_packed_mul_m...
Compiling module xil_defaultlib.reference_signal_tx_packed_mul_m...
Compiling module xil_defaultlib.reference_signal_tx_packed_flow_...
Compiling module xil_defaultlib.reference_signal_tx_packed_refer...
Compiling module xil_defaultlib.reference_signal_tx_packed_regsl...
Compiling module xil_defaultlib.reference_signal_tx_packed_regsl...
Compiling module xil_defaultlib.reference_signal_tx_packed_regsl...
Compiling module xil_defaultlib.reference_signal_tx_packed
Compiling module xil_defaultlib.fifo(DEPTH=1632,WIDTH=32)
Compiling module xil_defaultlib.fifo(DEPTH=1632,WIDTH=4)
Compiling module xil_defaultlib.fifo(DEPTH=1632,WIDTH=1)
Compiling module xil_defaultlib.AESL_axi_s_input_stream
Compiling module xil_defaultlib.fifo(DEPTH=2048,WIDTH=32)
Compiling module xil_defaultlib.fifo(DEPTH=2048,WIDTH=4)
Compiling module xil_defaultlib.fifo(DEPTH=2048,WIDTH=1)
Compiling module xil_defaultlib.AESL_axi_s_output_stream
Compiling module xil_defaultlib.AESL_deadlock_idx1_monitor
Compiling module xil_defaultlib.AESL_deadlock_idx0_monitor
Compiling module xil_defaultlib.AESL_deadlock_kernel_monitor_top...
Compiling module xil_defaultlib.nodf_module_intf
Compiling module xil_defaultlib.seq_loop_intf(FSM_WIDTH=3)
Compiling module xil_defaultlib.upc_loop_intf(FSM_WIDTH=1)
Compiling module xil_defaultlib.dataflow_monitor_1
Compiling module xil_defaultlib.apatb_reference_signal_tx_packed...
Compiling module work.glbl
Built simulation snapshot reference_signal_tx_packed

****** xsim v2022.2 (64-bit)
  **** SW Build 3671981 on Fri Oct 14 05:00:03 MDT 2022
  **** IP Build 3669848 on Fri Oct 14 08:30:02 MDT 2022
    ** Copyright 1986-2022 Xilinx, Inc. All Rights Reserved.

source xsim.dir/reference_signal_tx_packed/xsim_script.tcl
# xsim {reference_signal_tx_packed} -autoloadwcfg -tclbatch {reference_signal_tx_packed.tcl}
Time resolution is 1 ps
source reference_signal_tx_packed.tcl
## run all
////////////////////////////////////////////////////////////////////////////////////
// Inter-Transaction Progress: Completed Transaction / Total Transaction
// Intra-Transaction Progress: Measured Latency / Latency Estimation * 100%
//
// RTL Simulation : "Inter-Transaction Progress" ["Intra-Transaction Progress"] @ "Simulation Time"
////////////////////////////////////////////////////////////////////////////////////
// RTL Simulation : 0 / 1 [n/a] @ "125000"
// RTL Simulation : 1 / 1 [n/a] @ "20705000"
////////////////////////////////////////////////////////////////////////////////////
$finish called at time : 20765 ns : File "C:/VitisProject/Vitis/OFDM/TX/Refer/ref_tx/solution1/sim/verilog/reference_signal_tx_packed.autotb.v" Line 248
## quit
INFO: [Common 17-206] Exiting xsim at Thu Apr  9 19:41:10 2026...
INFO: [COSIM 212-316] Starting C post checking ...

==================================================================================
Index   Type           Output (Fixed Int16)     Restored Float (I, Q)         
==================================================================================
0       Guard Band     (0    , 0    )  ==>  (0, 0)
71      Guard Band     (0    , 0    )  ==>  (0, 0)  <-- End of Left Guard
72      PILOT          (-2730, 0    )  ==>  (-1.33301, 0)
73      Data Tone      (2274 , 4548 )  ==>  (1.11035, 2.2207)
74      Data Tone      (2274 , 4548 )  ==>  (1.11035, 2.2207)
79      PILOT          (-2730, 0    )  ==>  (-1.33301, 0)
86      PILOT          (2730 , 0    )  ==>  (1.33301, 0)
93      PILOT          (-2730, 0    )  ==>  (-1.33301, 0)
...... (Skipping middle parts) ......
1977    Guard Band     (0    , 0    )  ==>  (0, 0)  <-- Start of Right Guard
2047    Guard Band     (0    , 0    )  ==>  (0, 0)
==================================================================================
Total Data Tones processed: 1632 (Expected: 1632)
>>> C-SIM SUCCESS: Stream is empty and fixed-point conversion is perfectly verified!
INFO [HLS SIM]: The maximum depth reached by any hls::stream() instance in the design is 2048
INFO: [COSIM 212-1000] *** C/RTL co-simulation finished: PASS ***
INFO: [COSIM 212-211] II is measurable only when transaction number is greater than 1 in RTL simulation. Otherwise, they will be marked as all NA. If user wants to calculate them, please make sure there are at least 2 transactions in RTL simulation.
INFO: [HLS 200-111] Finished Command cosim_design CPU user time: 1 seconds. CPU system time: 1 seconds. Elapsed time: 39.288 seconds; current allocated memory: 11.523 MB.
<<< cosim done

>>> Export IP
INFO: [HLS 200-1510] Running: export_design -format ip_catalog -output C:/VitisProject/Vitis/OFDM/TX/Refer/output -description HLS IP Export -version 1.0 
INFO: [IMPL 213-8] Exporting RTL as a Vivado IP.

****** Vivado v2022.2 (64-bit)
  **** SW Build 3671981 on Fri Oct 14 05:00:03 MDT 2022
  **** IP Build 3669848 on Fri Oct 14 08:30:02 MDT 2022
    ** Copyright 1986-2022 Xilinx, Inc. All Rights Reserved.

source run_ippack.tcl -notrace
create_project: Time (s): cpu = 00:00:05 ; elapsed = 00:00:06 . Memory (MB): peak = 1003.656 ; gain = 119.199
INFO: [IP_Flow 19-234] Refreshing IP repositories
INFO: [IP_Flow 19-1704] No user IP repositories specified
INFO: [IP_Flow 19-2313] Loaded Vivado IP repository 'C:/Xilinx/Vivado/2022.2/data/ip'.
WARNING: [IP_Flow 19-4832] The IP name 'reference_signal_tx_packed_fmul_32ns_32ns_32_2_max_dsp_1_ip' you have specified is long. The Windows operating system has path length limitations. It is recommended you use shorter names to reduce the likelihood of issues.
INFO: [IP_Flow 19-1686] Generating 'Synthesis' target for IP 'reference_signal_tx_packed_fmul_32ns_32ns_32_2_max_dsp_1_ip'...
INFO: [IP_Flow 19-1686] Generating 'Simulation' target for IP 'reference_signal_tx_packed_fmul_32ns_32ns_32_2_max_dsp_1_ip'...
WARNING: [IP_Flow 19-4832] The IP name 'reference_signal_tx_packed_hptosp_16ns_32_1_no_dsp_1_ip' you have specified is long. The Windows operating system has path length limitations. It is recommended you use shorter names to reduce the likelihood of issues.
INFO: [IP_Flow 19-1686] Generating 'Synthesis' target for IP 'reference_signal_tx_packed_hptosp_16ns_32_1_no_dsp_1_ip'...
INFO: [IP_Flow 19-1686] Generating 'Simulation' target for IP 'reference_signal_tx_packed_hptosp_16ns_32_1_no_dsp_1_ip'...
INFO: [IP_Flow 19-234] Refreshing IP repositories
INFO: [IP_Flow 19-1704] No user IP repositories specified
INFO: [IP_Flow 19-2313] Loaded Vivado IP repository 'C:/Xilinx/Vivado/2022.2/data/ip'.
INFO: [Common 17-206] Exiting Vivado at Thu Apr  9 19:41:25 2026...
INFO: [HLS 200-802] Generated output file output/export.zip
INFO: [HLS 200-111] Finished Command export_design CPU user time: 1 seconds. CPU system time: 0 seconds. Elapsed time: 14.282 seconds; current allocated memory: 0.543 MB.
<<< IP exported to: C:/VitisProject/Vitis/OFDM/TX/Refer/output

=== All steps completed ===
[2Kvitis_hls> [11C^C